序号,单词,音标,释义
1,construe,[kənˈstru],"诠 释    If  something  is  construed  in  a  particular  way,  its  nature  or  meaning  is  interpreted  in  that  way.
construe sth as sth"
2,dense,[dɛns],"〔文章等因信息量大或语言复杂而〕难懂的   a  dense  piece  of  writing  is  difficult  to  understand  because  it
contains a lot of information or uses complicated language"
3,concision,[kənˈsɪʒn],简洁     brevity，succinctness
4,precedence,[prɪˈsidəns],"(时间、位置、重要性等的)领先，在前  the condition of being more important than something or someone else
and therefore coming or being dealt with first"
5,impecunious,[ˌɪmpɪˈkjuː   niəs],(尤指长期）的没钱的，穷的  having little or no money，especially over a long period
6,agro-,[ˈægroʊ],"“农业”， “农业和... ”      Agro-  is  used  to  form  nouns  and  adjectives  which  refer  to  things  relating  to agriculture, or to agriculture combined with another activity.  ：  agro-chemical residues.  农用化学品残渣"
7,pastoralist,[ˈpɑː   stərəlɪst],"1.写田园式作品的作家
2.牧人；(澳大利亚)牧场主"
8,jeopardy,[ˈdʒɛpɚdi],"在危险中（指会受到或收到危害）  If someone or something is in jeopardy, they are in a dangerous situation
where they might fail, be lost, or be destroyed."
9,immediacy,[ɪˈmidɪəsi],"及时性;   紧迫性   The  immediacy  of  an  event  or  situation  is  the  quality  that  makes  it  seem  important  or exciting  because  it  is  happening  at  the  present  time.   （ 提示   必须记住  immediacy  的同义词：
closeness，proximity，  nearness，propinquity）"
10,trumpet,[ˈtrʌmpɪt],"1.吹嘘，大肆宣扬 to tell everyone about something that you are proud of, especially in an annoying way
2.〔大象〕吼叫  .if an elephant trumpets, it makes a loud noise"
11,fallacy,[ˈfæləsi],"1.误解，谬见  a false idea or belief, especially one that a lot of people believe is true       misconception
2.  推理谬误  【正式】  a weakness in someone’s argument or ideas which is caused by a mistake in their thinking formal"
12,topple,[ˈtɑpl],"1〔.   尤指通过暴力〕使倒台，颠覆，推翻  to take power away from a leader or government, especially by force .
2.  （使）不稳而倒下，（使）倒塌     to become unsteady and then fall over, or to make something do this"
13,Vainglorious vainglory,"[ˌveɪnˈɡlɔː   riəs]
[ˌveɪnˈɡlɔː   ri]",非常自负的  having or showing too much pride in your abilities or achievements：  boastful，overweening
14,irreducible,[ˌɪrɪˈduː   səbl],不能缩减的；无法简化的（问题，复杂性）not able to be made smaller or simpler
15,inadvertent,[ˌɪnədˈvɜː   tənt],"无意的 unintentional
粗心的    caused by lack of attention（omission，error）"
16,unwitting,[ʌnˈwɪtɪŋ],"不知情的  not aware of what is really happening：  unaware
无意的    not intended or planned：  inadvertent       an unwitting mistake"
17,counterweight,[ˈkaʊntərweɪt],"平衡,平衡的建议/行动       a weight that provides a balance against sth of equal weight"
18,faction,[ˈfækʃən],"派系，小集团     a  group  within  a  larger  group  that  has  different  ideas  and  opinions  than  the  rest  of  the
group."
19,despotic,[dɪˈspɒtɪk],"专治的     If  you  say  that  someone  is  despotic,  you  are  emphasizing  that  they  use  their  power  over  other people in a very unfair or cruel way.  ：tyrannical  ，absolute，arbitrary     .                    反义词：  limited"
20,cronyism,[ˈkroʊniɪzəm],"任人唯亲；袒护亲属/友   the  unfair  practice by  a  powerful  person  (such  as  a  politician)  of  giving  jobs  and
other favors to friends"
21,incongruity,[ˌɪnkɒnˈɡruː   əti],"不和谐；不合适；不相称  the fact that something is strange, unusual, or unsuitable in a particular situation"
22,prolix,[ˈproʊlɪks],"(发言、书籍等)冗长的  using to much words : verbose,     circuitous , long-winded,    rambling"
23,hard-boiled,['hɑ:d'bɔild],not feeling or showing emotions such as affection or kindness : emotionally     tough
24,canny,[ˈkæni],"精明谨慎的  very clever and able to make intelligent decisions:    clear-eyed/sighted, hard-boiled, shrewd"
25,riveting,[ˈrɪvɪtɪŋ],"引人入胜的     If you describe something as riveting, you mean that it is extremely interesting and exciting,
and that it holds your attention completely."
26,unmatched,[ˈʌnˈmætʃt],"无与伦比的  If you describe something as unmatched, you are emphasizing that it is better or greater than
all other things of the same kind."
27,involuntary,[ɪnˈvɑləntɛri],"1.不由自主的，无意识的做出  not done or made consciously
2.非自愿的  not done by choice  ：  compulsory"
28,conviction,[kənˈvɪkʃən],"坚定的信念       A conviction is a strong belief or opinion.
判罪  If someone has a conviction, they have been found guilty of a crime in a court of law."
29,ingratiate,[ɪnˈɡreʃɪet],"讨好       If someone tries to ingratiate themselves with you, they do things to try and make you like them."
30,vitriolic,[ˌvɪtriˈɑː   lɪk],(言语）尖刻的，辛辣的    vitriolic language  ，writing ect is very cruel and angry towards sb
31,bombastic,[bɒmˈbæstɪk],辞藻华丽空洞的  bombastic language contains long words that sound important but have no real meaning
32,providential,[ˌprɑvɪˈdɛnʃl],凑巧的  ，适时的  happening at a good time because of luck
33,tumultuous,[tuˈmʌltʃuəs],"1.动荡的       involving a lot of violence，  confusion  ，or disorder       .
2.  欢腾的  喧闹的  loud, excited , and emotional"
34,oracular,[əˈrækjələr],"1.  玄妙深奥的，晦涩的  mysterious , enigmatic
2.  睿智的，哲人的    wise"
35,evidentiary,[ˌevəˈdenʃərɪ],用作证据的，与证据相关的    able to be used as evidence  ，or    relating to evidence
36,solvable,[ˈsɒlvəbəl],(问题）可解决的  capable of being solved solved
37,nuance,[ˈnuː   ɑː   ns],"(声音、感觉、外貌或意义等方面的)  细微差别  A nuance is a small difference in sound, feeling, appearance, or
meaning."
38,pejorative,[pɪˈdʒɔː   rətɪv],批评的;  贬损的       insulting to sb or sth  ：  expressing criticism
39,pry,[praɪ],"刺探;  窥探        If  someone  pries,  they  try  to  find  out  about  someone  else's  private  affairs,  or  look  at  their
personal possessions."
40,pernicious,[pərˈnɪʃəs],有害的       causing great harm or damage often in a way that is not easily seen or noticed
41,divulge,[daɪˈvʌldʒ],泄露（秘密，信息，细节）    to make information known  ：  reveal，unveil
42,imperative,[ɪmˈpɛrətɪv],"1.  至关重要的     extremely important and must be done.
2.  必须服从的  命令式的       expressing a command in a forceful and confident way"
43,preface,[ˈprɛfəs],"1.序言  an introduction to a book or speech  ；
2.说…作为开场白   If  you  preface  an  action  or  speech  with  something  else,  you  do  or  say  this  other  thing
first."
44,preempt,[priː   ˈempt],"预先制止      If  you  preempt  an  action,  you  prevent  it  from  happening  by  doing  something  that  makes  it
unnecessary or impossible."
45,unabated,[ˌʌnəˈbeɪtɪd],"(程度，数量)不减的   If  something  continues  unabated,  it  continues  without  any  reduction  in  intensity  or
amount."
46,curt,[kɝt],（言语  ）简短无理的    using very few words in a way that seems rude：brusque  ，bluff
47,slump,[slʌmp],"1.〔价格、价值或数量〕暴跌，骤降  to suddenly go down in price, value, or number .
2.〔因无力站立而〕倒下，倚，靠 to fall or lean against something because you are not strong enough to stand"
48,preordained,[ˌpriː   ɔː   ˈdeɪn],命中注定的  ，预先注定的  decided in advance and certain to happen
49,disconcert,[ˌdɪskənˈsɜː   rt],"使焦虑/困惑/尴尬     If something disconcerts you, it makes you feel anxious, confused, or embarrassed"
50,unexceptional,[ˌʌnɪkˈsepʃənl],"普通的     If you describe something as unexceptional, you mean that it is ordinary, not very interesting, and
often disappointing.  ：commonplace"
51,roost,[ruː   st],"栖息  When birds or bats roost somewhere, they rest or sleep there.  栖息"
52,panegyric,[ˌpænəˈdʒɪrɪk],颂词  A panegyric is a speech or piece of writing that praises someone or something.
53,trepidation,[ˌtrepɪˈdeɪʃn],惊恐;  焦虑     Trepidation is fear or anxiety about something that you are going to do or experience.
54,unduly,[ˌʌnˈduː   li],"过度地    an extreme, unreasonable, or unnecessary degree：  excessively  ，exorbitantly  ，overly"
55,elegiac,[ˌelɪˈdʒaɪək],悲伤的，哀悼的  Something that is elegiac expresses or shows sadness.       名词：  elegy
56,cryptic,[ˈkrɪptɪk],含义隐晦的     difficult to understand :    having     a meaning that is mysterious     or not easily understood .
57,plaintive,[ˈpleɪntɪv],"(声音）哀伤的  a plaintive sound is high, like sb crying, and sounds sad"
58,mesmerize,[ˈmezməraɪz],"迷住  If you are mesmerized by something, you are so interested in it or so attracted to it that you cannot
think about anything else."
59,plummet,[ˈplʌmɪt],"(数量、比率、价格)  暴跌  If an amount, rate, or price plummets, it decreases quickly by a large amount."
60,compound,[ˈkɑmpaʊnd],使恶化，加剧    to make a difficult situation worse by adding more problems  ：  exacerbate
61,factuality,"[,fæktʃʊ'æləti]",limited to  ，involving  ，or based on facts
62,bookish,[ˈbʊkɪʃ],"好读书的，书呆子气的     more interested in reading books and studying than doing more physical activities
( such as sports)"
63,cerebral,[səˈribrəl],理性的    related to the mind rather than to feelings：  intellectual and not emotional
64,aggravate,[ˈæɡrəvet],"使恶化  If someone or something aggravates a situation, they make it worse."
65,ostentation,[ˌɑː   stenˈteɪʃn],"卖弄;   炫耀   If  you  describe  someone's  behaviour  as  ostentation,  you  are  criticizing  them  for  doing  or
buying things in order to impress people."
66,muckrake,[ˈmʌkˌreɪk],"搜集并揭发丑闻  to search out and publicly expose real or apparent misconduct of a prominent individual
or business"
67,archetypal,[ˌɑː   rkiˈtaɪpl],"典型的     Someone or something that is archetypal has all the most important characteristics of a particular
kind of person or thing and is a perfect example of it."
68,displacement,[dɪsˈplesmənt],"1.替代   Displacement  is  the  removal  of  something  from  its  usual  place  or  position  by  something  which then occupies that place or position.
2.逐出家园  Displacement is the forcing of people away from the area or country where they live."
69,meld,[meld],"（使）融合，（使）合并，（使）结合 if two things meld, or if you meld them, they combine into one thing"
70,spotty,[ˈspɑti],"1.〔质量〕有好有坏的，参差不齐的    good only in some parts, but not in other parts
2.〔尤指脸上〕有粉刺的       someone  who  is  spotty  has  small  raised  red marks  on their  skin,  especially  on
their face BrE informal"
71,theorem,[ˈθiərəm],定理     A theorem is a statement in mathematics or logic that can be proved to be true by reasoning.
72,patent,[ˈpætnt],"1.明显的  obvious or clear
2.专利      A  patent  is  an  official  right  to  be  the  only  person  or  company  allowed  to  make  or  sell  a  new
product for a certain period of time."
73,vanquish,[ˈvæŋkwɪʃ],彻底击败  To vanquish someone means to defeat them completely in a battle or a competition.
74,affectation,[ˌæfɛkˈteʃən],"做作的，不自然的     If you say that someone's attitude or behaviour is an affectation, you disapprove of the
fact that it is not genuine or natural, but is intended to impress other people.     Pretense  ，"
75,narcissism,[ˈnɑː   rsɪsɪzəm],自我陶醉;  自恋  Narcissism is the habit of always thinking about yourself and admiring yourself.
76,indolence,[ˈɪndələns],懒惰     laziness
77,identifiable,[aɪˌdɛntɪˈfaɪəbl],可识别的，  可辨认的  able to be recognized
78,balloon,[bəˈlun],"(数量上)  猛增  When something balloons, it increases rapidly in amount."
79,collude,[kəˈluː   d],"1.(秘密或非法地)  串通  If one person colludes with another, they  cooperate with them secretly  or illegally.
2.与某人/某机构密谋（做某事）  to collude with [somebody]/[something] (in doing [something])"
80,self-styled,['self'staild],自封的，自诩的〔含贬义〕  having given yourself a title or position without having a right to it
81,surrogate,[ˈsɜː   rəɡət],替代的，代理的  a surrogate person or thing is one that takes the place of sb or sth else
82,erstwhile,[ˈɜː   rstwaɪl],从前的  a while before : formerly
83,proxy,[ˈprɑː   ksi],"1.代理（人）的；代表的；代替的  involving the use of a proxy
2.  由委托人代理  if you do something by proxy, you arrange for someone else to do it for you
3.  〔由个人委托的〕代理人，代表〔尤指代人投票〕   [+  for  ]  someone  who  you  choose  to  represent  you,
especially to vote for you"
84,imperturbable,[ˌɪmpərˈtɜː   rbəbl],"沉着的;   冷静的   If  you  describe  someone  as  imperturbable,  you  mean  that  they  remain  calm,  even  in
disturbing or dangerous situations."
85,glum,[ɡlʌm],"闷闷不乐的   Someone  who  is  glum  is  sad  and  quiet  because  they  are  disappointed  or  unhappy  about
something.  ：sullen，  dreary，  gloomy，depressed"
86,irresolute,[ɪˈrezəluː   t],犹豫不决的  unable to decide what to do : uncertain
87,prevaricate,[prɪˈværɪkeɪt],"(以欺骗为目的）含糊其辞地说     to avoid telling the truth by not directly answering a question : equivocate ,
lie.        Tell us exactly what happened and don't prevaricate .    有什么就详详细细地告诉我们，不要支吾。"
88,avarice,[ˈævərɪs],贪婪     Avarice is extremely strong desire for money and possessions.
89,exigent,[ˈeksədʒənt],紧急的;  急需的    urgent; pressing
90,implicate,[ˈɪmplɪket],"表明   (某人)  与   (坏事)  有牵连     to  show  or  suggest  that  sb／sth  is  closely  connected  to  or  involved insth scuh as a crim
Three police officers are implicated in the cover-up.  三名警察涉嫌隐瞒事实
The  evidence  implicated  many  government  officials  in  the  conspiracy  =  the  evidence  showed  that  many
government officials were involved in the conspircy ."
91,untenable,[ʌnˈtenəbl],"不堪一击的  (观点、理论或立场)     An argument,  theory, or position that is untenable cannot be defended
successfully against criticism or attack."
92,at odds with,[æt; ət] [ɑdz] [wɪð],"1.  (与某人)  意见不一致，有分歧     If  someone  is at  odds  with someone  else,  or  if  two  people are  at  odds, they are disagreeing or arguing with each other
2.  说法、描述、行为等〕不一致  if two statements, descriptions, actions etc are at odds with each other, they
are different although they should be the same"
93,bungle,[ˈbʌŋɡl],"把...  搞砸/笨手笨脚地做  If you bungle something, you fail to do it properly, because you make mistakes or
are clumsy.:     botch,         mishandle"
94,unpretentious,[ˌʌnprɪˈtɛnʃəs],"朴实无华，不炫耀的；谦逊的       free from ostentation ,elegance, or affectation :      artless,       natural"
95,makeshift,[ˈmeɪkʃɪft],"权宜之计(的)，临时代用（的）  made to be used for a short  time only  when nothing better is available  ：
substitute，resource，  expedient，  stopgap"
96,prime,[praɪm],"使准备好〔应付某一情况〕  to prepare someone for a situation so that they know what to do. prime sb with
sth。
主要的  You use prime to describe something that is most important in a situation."
97,indefatigable,[ˌɪndɪˈfætɪɡəbl],"不知疲倦的;   不屈不挠的    You  use  indefatigable  to  describe  someone  who  never  gets  tired  of  doing
something."
98,defiant,[dɪˈfaɪənt],违抗的;  不服的  refusing to obey sth or sb：    contumacious，disobedient，obstreperous，  refractory
99,ebullient,[ɪˈbʌliənt],精力充沛的;  热情洋溢的     lively and enthusiastic
100,solicitous,[səˈlɪsɪtəs],"担心的，挂念的，关心的  (about，  for) showing concern or care for sb's health, happiness"
101,peripheral,[pəˈrɪfərəl],"次要的   A  peripheral  activity  or  issue  is  one  that  is  not  very  important  compared  with  other  activities  or
issues."
102,overweening,[ˌoʊvərˈwiː   nɪŋ],"1.自负的，自以为了不起的；过分自信的  too confident or proud .           arrogant, presumptuous , conceited   
2.夸大了的；过分的  excessive and unpleasant : immoderate, exaggerated"
103,forgery,[ˈfɔrdʒəri],"1.伪造品  something that is falsely made or copied in order to deceive people : something that is forged. Invention，sham，counterfeit
2.  伪造(罪)the crime of falsely making or copying a document in order to deceive people"
104,vintage,[ˈvɪntɪdʒ],"1.旧式的，老式的〔但品质优良〕  old, but high quality
2.最好的；最典型的 showing all the best or most typical qualities of something
3.旺年，好年[+ for ] vintage year     a year when something of very good quality was produced"
105,integrative,[ˈɪntɪgreɪtɪv],综合的，一体化的  tending to consolidate  ；combining and coordinating diverse elements into a who
106,mortify,[ˈmɔrtɪfaɪ],使深感窘迫[丢脸]    cause someone to feel extremely embarrassed or ashamed
107,coalesce,[ˌkoʊəˈles],"合并 if two or more things coalesce, they come together and form a larger group or system."
108,incense,[ˈɪnsɛns],使某人十分愤怒       to make sb very angry
109,heterodox,[ˈhɛtərəˈdɑks],"(信仰、意见或思想)异端的;  离经叛道的;  异教的  Heterodox beliefs, opinions, or ideas are different from the
accepted or official ones"
110,invaluable,[ɪnˈvæljʊəbl],"非常宝贵的  If you describe something as invaluable, you mean that it is extremely useful."
111,coerce,[koʊˈɜː   rs],"胁迫     If you coerce someone into doing something, you make them do it, although they do not want to."
112,voluntary,[ˈvɑləntɛri],"自愿的   Voluntary  actions  or  activities  are  done  because  someone  chooses  to  do  them  and  not  because
they have been forced to do them."
113,kindred,[ˈkɪndrəd],alike or similar；  closely related
114,keep abreast of,[kip] [əˈbrɛst] [əv],"及时了解     If you keep abreast of a subject, you know all the most recent facts about it."
115,premonitory,[prɪˈmɒnɪtəri],"预 先  警 告 的     giving   a   warning   that   sth   unpleasant   is   going   to   happen:   exemplary   ,   admonitory,
admonishing"
116,debacle,[deɪˈbɑː   kl],彻底失败  A debacle is an event or attempt that is a complete failure.
117,bucolic,[bjuː   ˈkɑː   lɪk],乡村的;  田园的  Bucolic means relating to the countryside.
118,redemption,[rɪˈdɛmpʃən],"1〔基督教指耶稣的〕救赎，赎罪  the state of being freed from the power of evil, believed by Christians to be made possible by Jesus Christ
2 兑换；兑现  the act of exchanging a piece of paper worth a particular amount of money for money, goods,
or services"
119,relentless,[rɪˈlɛntləs],"1.〔不愉快的事〕不间断的，没完没了的  something bad that is relentless continues without ever stopping or getting less severe       。
2.坚持不懈的   Someone  who  is  relentless  is  determined  to  do  something  and  refuses  to  give  up,  even  if
what they are doing is unpleasant or cruel.     ：  dogged，  unyielding，  unrelenting"
120,fiasco,[fɪˈæsko],"彻底的失败     If you describe an event or attempt to do something as a fiasco, you are emphasizing that it
fails completely."
121,ascertain,[ˈæsɚˈten],"( 尤指经过努力)   查明      If  you  ascertain  the  truth  about  something,  you  find  out  what  it  is,  especially  by
making a deliberate effort to do so."
122,woo,[wu],向(女子)求爱；向(女子)求婚：court
123,irksome,[ˈɝksəm],"烦人的;  讨厌的     If something is irksome, it irritates or annoys you."
124,pivotal,[ˈpɪvətl],关键的  being of crucial importance
125,morbid,[ˈmɔrbɪd],"〔兴趣〕病态的，不健康的；〔尤指〕对死亡着迷的  with a strong and unhealthy interest in unpleasant subjects,
especially death"
126,mores,[ˈmɔː   reɪz],"习俗;   惯例   The  mores  of  a  particular  place  or  group  of  people  are  the  customs  and  behaviour  that  are
typically found in that place or group."
127,undoing,[ʌnˈduɪŋ],"失败的原因  If something is someone's undoing, it is the cause of their failure."
128,burrow,['bɝro],"1.  掘洞；钻洞 to make a hole or passage in the ground
2.  寻找，翻找  to search for something that is hidden in a container or under other things : rummage"
129,clangor,[ˈklæŋə],铿锵声    A clangour is a loud or harsh noise.
130,exact,[ɪɡˈzækt],"强要，勒索  【正式】to demand and get something from someone by using threats, force etc formal
exact sth from sb"
131,conspire,[kənˈspaɪɚ],"1.合谋   If  two  or  more people  or  groups conspire to  do  something  illegal  or  harmful,  they  make  a  secret agreement to do it.
2.协同  If events conspire to produce a particular result, they seem to work together to cause this result."
132,untapped,[ˌʌnˈtæpt],(供给、资源)未利用的     An untapped supply or source of something has not yet been used.
133,contumacious,[ˌkɑː   ntuˈmeɪʃəs],反抗权威的;  任性顽固的  stubbornly resistant to authority; wilfully obstinate
134,canonize,[ˈkænəˈnaɪz],1.追封为圣徒  to officially state that a dead person is a saint.
135,retrofit,[ˈretroʊfɪt],对(机器)更新部件;  对(建筑物)进行翻新
136,industrious,[ɪnˈdʌstrɪəs],"勤奋的  If you describe someone as industrious, you mean they work very hard."
137,defect,[‘dɪfɛkt],"1.缺陷       A defect is a fault or imperfection in a person or thing.
2.背 叛       If  you  defect,  you  leave  your  country,  political  party,  or  other  group,  and  join  an  opposing
country, party, or group."
138,importune,[ˌɪmpɔː   rˈtuː   n],"纠缠;  向...强求     If  someone  importunes  another  person,  they  ask them  for something  or  ask  them  to  do
something, in an annoying way."
139,surly,[ˈsɜː   rli],粗暴的  Someone who is surly behaves in a rude bad-tempered way.
140,crumble,[ˈkrʌmbl],"1 .碎裂;  弄碎       If something crumbles, or if you crumble it, it breaks into a lot of small pieces.                     2.(制度、关系或希望)  崩溃   If  something  such  as a  system,  relationship,  or hope  crumbles,  it  comes to  an
end."
141,scuffle,[ˈskʌfl],"打斗;  混战  A scuffle is a short, disorganized fight or struggle：  tussle"
142,rhapsody,[ˈræpsədi],"1.an expression of eager and excited approval formal  赞美之词，热情赞颂  【正式】
2.a piece of music that is written to express emotion, and does not have a regular form  狂想曲"
143,inestimable,[ɪnˈɛstɪməbl],"无法估计的;  极贵重的     If you describe the value, benefit, or importance of something as inestimable, you
mean that it is extremely great and cannot be calculated."
144,hypocrite,[ˈhɪpəˈkrɪt],"伪君子      If  you  accuse  someone  of  being  a  hypocrite,  you  mean  that  they  pretend  to  have  qualities,
beliefs, or feelings that they do not really have."
145,adulator,"['ædʒə,letɚ]",奉承(或谄媚)的人
146,braggart,[ˈbræɡərt],吹牛者  a person who boasts loudly or exaggeratedly; bragger
147,quandary,[ˈkwɑː   ndəri],"左右为难的窘境  If you are in a quandary, you have to make a decision but cannot decide what to do."
148,fixate,[ˈfɪkseɪt],"1.集中(目光、注意力等) pay attention to exclusively and obsessively
2.  (使)固定     to become or cause to become fixed"
149,substantive,[səbˈstæntɪv],"实质的，真实的  dealing with things that are important or real：
They plan to meet again in Rome very soon to begin substantive negotiations.  他们计划很快在罗马再次会
面以开始实质性的谈判。"
150,currency,[ˈkɝənsi],接受       the quality or state of being used or accepted by many people
151,observe,[əbˈzɝv],"1.遵从  If you observe something such as a law or custom, you obey it or follow it.
2.  庆祝     If  you  observe  an  important  day  such  as  a  holiday  or  anniversary,  you  do  something  special  in
order to honour or celebrate it."
152,check,[tʃɛk],"抑制  To check something, usually something bad, means to stop it from spreading or continuing."
153,register,[ˈrɛdʒɪstɚ],"1.(在仪表上)  显示 When something registers on a scale or measuring instrument, it shows on the scale or instrument.
2.  (面部表情)  流露   If a feeling registers on someone's  face, their  expression shows  clearly  that they  have
that feeling."
154,affected,[əˈfɛktɪd],做作的  not natural  ：  artificial，  bogus，  contrived
155,disaffected,[ˌdɪsəˈfektɪd],（对政府，领导）  不满的  discontented and resentful especially against quthority
156,demonstrative,[dɪˈmɑː   nstrətɪv],感情外露的  Someone who is demonstrative shows affection freely and openly.
157,unscrupulous,[ʌnˈskrupjələs],"不诚实的;   不道德的   if  you  describe  a  person  as  unscrupulous,  you  are  critical  of  the  fact  that  they  are
prepared to act in a dishonest or immoral way in order to get what they want."
158,imposing,[ɪmˈpozɪŋ],"给 人 印象 深 刻 的       If  you  describe  someone  or  something  as  imposing,  you  mean  that  they  have  an
impressive appearance or manner."
159,provident,[ˈprɑvɪdənt],"顾及未来的，未雨绸缪的，深谋远虑的     careful and sensible in the way you plan things, especially by saving
money for the future：  frugal，  saving，  sparing  ，scrimping"
160,stock,[stɑk],"(回答、表达或做事方式)  老一套的  A stock answer, expression, or way of doing something is one that is very
commonly used, especially because people cannot be bothered to think of something new."
161,bohemian,[boʊˈhiː   miən],反传统陈规的 unconventional in especially appearance and behavior
162,penetrating,[ˈpɛnɪtretɪŋ],有洞察力的，思维敏锐的  showing an ability to understand things quickly and completely
163,affecting,[əˈfɛktɪŋ],令人感动的；引起同情的  causing a feeling of sadness or sympathy
164,coin,[kɔɪn],"创造  (新词语) If you coin a word or a phrase, you are the first person to say it."
165,dilettante,[ˌdɪləˈtænti],"( 尤指艺术方面的) 浅薄涉猎者   You  can  use  dilettante  to  talk  about  someone  who  seems  interested  in  a
subject, especially in art, but who does not really know very much about it.    ：  dabbler  ，amateur"
166,bigoted,[ˈbɪɡətɪd],"固执己见的，顽固不化的   having  such  strong  opinions  about  a  group  of  people  that  you  are unwilling  to
listen to anyone else’s opinions"
167,bigot,[ˈbɪɡət],固执己见的人
168,protégé,[ˈprəʊtəʒeɪ],门徒  a young person who is taught and helped by someone who has a lot of knowledge and experience
169,guru,[ˈɡʊruː   ],"专家，权威  someone who knows a lot about a particular subject, and gives advice to other people informal"
170,dabbler,[ˈdæblə],an amateur who engages in an activity without serious intentions and who pretends to have knowledge
171,magnate,[ˈmæɡnet],巨头;  大亨  A magnate is someone who has earned a lot of money from a particular business or industry.
172,convert,[kənˈvɝt],"1.改变信仰   If  someone converts you,  they  persuade you to change your  religious  or political beliefs.  You can also say that someone converts to a different religion.
2.改变信仰者"
173,hedonist,[ˈhiː   dənɪst],享乐主义者  A hedonist is someone who believes that having pleasure is the most important thing in life.
174,philanthropist,[fɪˈlænθrəpɪst],慈善家  A philanthropist is someone who freely gives money and help to people who need it.
175,impostor,[ɪmˈpɑː   stər],"假冒者;  冒名顶替者  Someone who is an impostor is dishonestly pretending to be someone else in order
to gain an advantage."
176,misanthrope,[ˈmɪsənθroʊp],one who hates or mistrusts humankind
177,susceptible,[səˈsɛptəbl],"易受… 影响的   If  you  are  susceptible  to  something  or  someone,  you  are  very  likely  to  be  influenced  by
them."
178,contrite,[kənˈtraɪt],"悔恨的  If you are contrite, you are very sorry because you have done something wrong.  ：  remorseful  
repentant"
179,incendiary,[ɪnˈsɛndɪɛri],"1.  煽动性的  causing anger：  inflammatory，  seditious
2.  Incendiary weapons or attacks are ones that cause large fires.  能引起燃烧的"
180,veracious,[vəˈreɪʃəs],一贯诚实的     habitually truthful or honest
181,accessible,[əkˈsɛsəbl],容易理解的     easy to understand
182,frivolity,[frɪˈvɑː   ləti],"1 .轻浮  a lack of seriousness
2.  无聊的事 sth that is unnecessary or silly"
183,penitential,[ˌpenɪˈtenʃl],悔罪的;  忏悔的  Penitential means expressing deep sorrow and regret at having done something wrong.
184,extricate,[ˈɛkstrɪket],"1.使摆脱，使脱离  to escape from a difficult or embarrassing situation, or to help someone escape
2.解救，救出  to remove someone from a place in which they are trapped"
185,tamper,[ˈtæmpɚ],"干涉;  篡改     If someone tampers with something, they interfere with it or try to change it when they have
no right to do so."
186,dodge,[dɑdʒ],"1〔快速〕躲开，避开，闪开       to move quickly to avoid someone or something
2.〔故意〕避开，避免〔谈论某事或做某事〕  to deliberately avoid discussing something or doing something"
187,fudge,[fʌdʒ],"1  篡改  to change important figures or facts to deceive people
2.回避；敷衍；搪塞  to avoid giving exact details or a clear answer about something"
188,crop up,[krɑp] [ʌp],"意外出现;  突然发生  If something crops up, it appears or happens, usually unexpectedly."
189,repercussion,[ˌripɚˈkʌʃən],"后果     If an action or event has repercussions, it causes unpleasant things to happen some time after th
original action or event."
190,rectify,[ˈrɛktɪfaɪ],"矫正;  改正  If you rectify something that is wrong, you change it so that it becomes correct or satisfactory."
191,redress,[rɪˈdrɛs],"纠正;  补救  If you redress something such as a wrong or a complaint, you do something to correct it or to
improve things for the person who has been badly treated."
192,abridge,[əˈbrɪdʒ],(在保留主要内容之时)精减(或减少)…的篇幅，节略，删去，简写，精简(文章等)：
193,synoptic,[sɪˈnɑptɪk],摘要的，概要的，大纲性的
194,disapprobation,[ˌdɪsˌæprəˈbeɪʃn],"〔对不道德的人或事的〕反对，不赞成     disapproval of someone or something because you think they  are
morally wrong"
195,acquisitive,[əˈkwɪzətɪv],贪得无厌的  having a strong desire to own or acquire more things.
196,illiberal,[ɪˈlɪbərəl],不开明的，不容言论[行为]自由的  not supporting people’s rights to say or do what they want
197,immutable,[ɪˈmjutəbl],永恒的;  永远不变的  Something that is immutable will never change or cannot be changed.
198,misnomer,[ˌmɪsˈnoʊmər],"误称;   用词不当   If  you  say  that  a  word  or  name  is  a  misnomer,  you  mean  that  it  describes  something
incorrectly."
199,suffrage,[ˈsʌfrɪdʒ],选举权  Suffrage is the right of people to vote for a government or national leader
200,virulent,[ˈvɪrələnt],"1.充满仇恨的，恶毒的〔含贬义〕full of hatred for something, or expressing this in a strong way  –  used to show disapproval formal
2.〔毒物〕剧毒的；〔疾病〕迅速致命的  a poison, disease etc that is virulent is very dangerous and affects
people very quickly"
201,benignity,[bɪˈnɪgnɪtɪ],仁慈；善举     the quality of being kind and gentle；  a kind act
202,repeal,[rɪˈpiː   l],"撤销;  废止  (法令)    If the government repeals a law, it officially ends it, so that it is no longer valid."
203,populous,[ˈpɑpjələs],人口多的     densely populated
204,malignant,[məˈlɪgnənt],"1. 恶 毒 的    If  you  say  that  someone  is  malignant,  you  think  they  are  cruel  and  like  to  cause  harm.
2.恶性的       A malignant tumour or disease is out of control and likely to cause death."
205,schism,[ˈskɪzəm],"〔组织内由于目标、信仰上的分歧引起的〕分裂；〔尤指基督教的〕教会分裂  the separation of a group into two groups, caused by a disagreement about its aims and beliefs, especially in the Christian church"
206,frivolous,[ˈfrɪvələs],"1.  不严肃的，草率的  not serious or sensible, especially in a way that is not suitable for a particular occasion
2〔.  人〕轻浮的〔含贬义〕a frivolous person likes having fun rather than doing serious or sensible things - used to show disapproval"
207,gawky,[ˈɡɔː   ki],行动[举止]笨拙的  someone who is gawky moves or behaves in an awkward way  ：  clumsy，ungainly
208,syntactical,[sɪnˈtæktɪkəl],句法的，依照句法的  of or relating to or conforming to the rules of syntax
209,brandish,[ˈbrændɪʃ],"〔危险或气势汹汹地〕挥舞〔尤指武器〕  【书面】  to wave something around in a dangerous or threatening
way, especially a weapon"
210,self-righteous,['self'raitʃəs],"自以为是的  having  or  showing  a  strong  belief  that  your  own  actions,  opinions,  etc.,  are  right  and  other
people's are wrong"
211,thoroughgoing,[ˌθɜː   roʊˈɡoʊɪŋ],"完全的;  十足的   You  use  thoroughgoing  to  emphasize  that  someone  or  something  is  fully  or  completely
the type of person or thing specified."
212,attenuate,[əˈtɛnjuet],"to make (something) weaker or less in amount, effect, or force"
213,antedate,[ˌæntiˈdeɪt],先于  to be or occur at an earlier date than
214,remedial,[rɪˈmidɪəl],"1.〔帮助后进学生的〕补习课程/班/老师等  remedial course/class/teacher etc
a special course etc that helps students who have difficulty learning something
2.补救的；纠正的  intended to improve something that is wrong
3.  用于治疗的 intended to cure a problem with someone’s health"
215,annul,[əˈnʌl],"宣布… 无效   If  an  election  or  a  contract  is  annulled,  it  is  declared  invalid,  so  that  legally  it  is  considered
never to have existed."
216,revolt,[rɪˈvolt],"1.  反叛，叛乱；造反   if  people  revolt,  they  take  strong  and  often  violent  action  against  the  government, usually with the aim of taking power away from them .
2.  反抗，拒绝服从〔权威、规定或法律〕  to refuse to accept someone’s authority or obey rules or laws
3.使作呕； 使反感；使震惊   if  something  revolts  you,  it  is  so  unpleasant  that  it  makes  you  feel  sick  and shocked"
217,bromide,[ˈbroʊmaɪd],"陈词滥调 A bromide is a comment that is intended to calm someone down when they are angry, but that
has been expressed so often that it has become boring and meaningless."
218,banish,[ˈbænɪʃ],"1.  驱逐，赶走 to not allow someone or something to stay in a particular place .
2.  消除〔想法〕；打消〔念头〕to try to stop thinking about something or someone literary"
219,immure,[ɪˈmjʊr],监禁，禁闭  to shut someone in a place so that they cannot get out
220,menacing,[ˈmenəsɪŋ],"威胁的  If someone or something looks menacing, they give you a feeling that they are likely to cause you
harm or put you in danger."
221,pithy,[ˈpɪθi],"简明扼要的 A pithy comment or piece of writing is short, direct, and full of meaning."
222,inure,[ɪˈnjʊr],使习惯；使适应(常与 to 连用)：
223,incipient,[ɪnˈsɪpiənt],开始发生的;  正在发展的     An incipient situation or quality is one that is starting to happen or develop.
224,rein in,[ren] [ɪn],控制  To rein in something means to control it  ：  curb，  restrain
225,bridle,[ˈbraɪdl],rein in  ，  curb，  restrain
226,dislocation,[ˌdɪsloˈkeʃən],"(制度、进程、生活方式的)紊乱  Dislocation is a situation in which something such as a system, process, or way
of life is greatly disturbed or prevented from continuing as normal."
227,disentangle,[ˌdɪsɪnˈtæŋɡl],"1.  理顺，分清〔混杂的不同观念或信息〕to separate different ideas or pieces of information that have become confused together .
2.  〔从困境中〕解脱出来  disentangle yourself (from sb/sth):to escape from a difficult situation that you are involved in
3.    解开〔绳、线等〕的结 to remove knots from ropes, strings etc that have become twisted or tied together"
228,prop up,[prɑp] [ʌp],支撑;  维持     To prop up something means to support it or help it to survive.
229,indemnify,[ɪnˈdemnɪfaɪ],"1.保证〔遇损坏或损失时〕赔偿  to promise to pay someone if something they own is damaged or lost     .
2.赔偿，补偿〔损失、伤害或损毁 to pay someone money because of loss, injury, or damage that they have
suffered"
230,manacle,[ˈmænəkl],"铐上   If  a  prisoner  is  manacled,  their  wrists  or  legs  are  put  in  manacles  in  order  to  prevent  them  from
moving or escaping."
231,clerical,[ˈklɛrɪkl],"办公室文书工作的   Clerical  jobs,  skills,  and  workers  are  concerned  with  routine  work  that  is  done  in  an
office."
232,dissolution,[ˌdɪsəˈluʃən],"1〔团体、机构等的〕解散，解体.the act of breaking up an organization, institution etc so that it no longer
exists
2.〔某事物的〕衰败，消亡 the process by which something gradually becomes weaker and disappears"
233,meld,[meld],"（使）融合，（使）合并，（使）结合  if two things meld, or if you meld them, they combine into one thing"
234,premeditated,[ˌpriː   ˈmedɪteɪtɪd],"预谋(某事，如暴力的犯罪)  done  or  made  according  to  a  plan  :  planned  in  advance  ;  to  plan  or  consider
(something, such as a violent crime) beforehand"
235,plod,[plɑd],to work monotonously and laboriously : drudge
236,sporadic,[spəˈrædɪk],零星的  Sporadic occurrences of something happen at irregular intervals.
237,materialism,[məˈtɪrɪəlɪzəm],"1.物质主义  Materialism is the attitude of someone who attaches a lot of importance to money and wants to possess a lot of material things.
2.唯物主义 Materialism is the belief that only physical matter exists, and that there is no spiritual world."
238,entrench,[ɪnˈtrentʃ],"确保(地位等)，确立，使(自己)处于有力(或牢固、稳固)地位     If something such as power, a custom, or an idea
is entrenched, it is firmly established, so that it would be difficult to change it."
239,worthwhile,[ˈwɝθˈwaɪl],"值得的   If  something  is  worthwhile,  it  is  enjoyable  or  useful,  and  worth  the  time,  money,  or  effort  that  is
spent on it."
240,ecstatic,[ɪkˈstætɪk],"欣喜若狂的     If you are ecstatic, you feel very happy and full of excitement."
241,euphoric,[juː   ˈfɒrɪk],"狂喜的  If you are euphoric, you feel intense happiness and excitement."
242,disgruntled,[dɪsˈɡrʌntld],"〔尤因事情未如所愿发生而〕失望的，不满的  annoyed or disappointed, especially because things have not
happened in the way that you wanted  ：  discontented，dissatisfied"
243,forsake,[fɔrˈsekˌ  fə-],放弃     to give up or leave (someone or something) entirely：abandon
244,treachery,[ˈtrɛtʃəri],背叛，变节；不忠  betrayal of a trust：  perfidy，treason  ，infidelity
245,allegiance,[əˈlidʒəns],"效忠，忠诚  Your allegiance is your support for and loyalty to a particular group, person, or belief：  fidelity"
246,ruinous,[ˈruː   ɪnəs],"毁灭性的  causing or likely to cause damage or destruction
贵的  costing far too much money"
247,humdrum,[ˈhʌmdrʌm],"平凡的;  单调乏味的;  令人厌烦的  If you describe someone or something as humdrum, you mean that they
are ordinary, dull, or boring."
248,nonchalant,[ˌnɑnʃəˈlɑnt],"若无其事的;  漠不关心的  If you describe someone as nonchalant, you mean that they appear not to worry
or care about things and that they seem very calm."
249,pandemonium,[ˌpændəˈmoʊniəm],"大吵大闹；一片混乱     If there is pandemonium in a place, the people there are behaving in a very noisy and
uncontrolled way."
250,charlatan,[ˈʃɑː   rlətən],假充内行的骗子（含贬义）  someone who pretends to have special skills or knowledge
251,pensive,[ˈpɛnsɪv],"沉思的；郁郁不乐的  thinking a lot about something, especially because you are worried or sad"
252,indigenous,[ɪnˈdɪdʒənəs],"本土的;  当地的   Indigenous  people  or things belong to  the country  in which they  are found,  rather than
coming there or being brought there from another country."
253,halcyon,[ˈhælsɪən],"(旧日时光)平静的;  幸福的  very happy and successful：calm  ，peaceful；A halcyon time is a time in the past
that was peaceful or happy."
254,askance,[əˈskæns],"质疑地     If you look askance at someone or something, you have a doubtful or suspicious attitude toward
them."
255,jaded,[ˈdʒeɪdɪd],"厌倦的  If you are jaded, you feel bored, tired, and not enthusiastic, because you have had too much of the
same thing."
256,contumacy,[ˈkɒntjʊməsɪ],"顽 固 叛 逆 ;   反 抗 权 威    obstinate  and  wilful  rebelliousness  or  resistance  to  authority;  insubordination;
disobedience"
257,adjacent,[ə'dʒesnt],"相邻的  If one thing is adjacent to another, the two things are next to each other."
258,vie,[vaɪ],"争夺；竞争  (常与  for，  with  连用)If one person or thing is vying with another for something, the people or
things are competing for it."
259,peevish,[ˈpivɪʃ],易怒的;  脾气坏的  Someone who is peevish is bad-tempered.
260,standoffish,[ˈstændˈɔː   fɪʃ],"冷淡的;  不友好的 If you say that someone is standoffish, you mean that they behave in a formal and rather
unfriendly way."
261,snide,[snaɪd],"挖苦的，讽刺的 if you say something snide, you say something unkind, often in a clever, indirect way"
262,brainchild,[ˈbreɪntʃaɪld],智慧结晶 Someone's brainchild is an idea or invention that they have thought up or created.
263,consecrate,[ˈkɑː   nsɪkreɪt],"1.把…奉为神圣；尊崇：  This battlefield is consecrated to the memory of soldiers who died here.这个战场被视为圣地以纪念死于此处的战士。
2.奉献，献身：They consecrated their lives to the liberation of their motherland.  他们把生命献给了祖国的解
放事业。"
264,grouchy,[ˈɡraʊtʃi],"好抱怨的;  好发牢骚的  If someone is grouchy, they are very bad-tempered and complain a lot."
265,sordid,[ˈsɔː   rdɪd],"卑鄙的;  不诚实的  If you describe someone's behaviour as sordid, you mean that it is immoral or dishonest.肮脏的    If you describe a place as sordid, you mean that it is dirty, unpleasant, or depressing."
266,patronizing,[ˈpeɪtrənaɪzɪŋ],"显出优越感的 If someone is patronizing, they speak or behave toward you in a way that seems friendly, but
that shows that they think they are superior to you."
267,audacity,[ɔː   ˈdæsəti],a confident and daring quality that is often seen as shocking or rude :     temerity
268,vaunt,[vɔː   nt],"自夸  to describe, praise, or display (one's success, possessions, etc) boastfully"
269,oration,[ɔː   ˈreɪʃn],演说 An oration is a formal speech made in public.
270,coagulate,[koʊˈæɡjuleɪt],"凝固  When a liquid coagulates, it becomes very thick."
271,riveting,[ˈrɪvɪtɪŋ],"引人入胜的   If  you  describe  something  as  riveting,  you  mean  that  it  is  extremely  interesting  and  exciting,
and that it holds your attention completely."
272,peremptory,[pəˈremptəri],"霸道的;  专横的     Someone who does something in a peremptory way does it in a way that shows that they
expect to be obeyed immediately."
273,pizzazz,[pɪˈzæz],"激情;   活力   If  you  say  that  someone  or  something  has  pizzazz,  you  mean  that  they  are  very  exciting,
energetic, and stylish."
274,revoke,[rɪˈvok],"撤销;   废除   When  people  in  authority  revoke  something  such  as  a  licence,  a  law,  or  an  agreement,  they
cancel it."
275,perjury,[ˈpɜː   rdʒəri],"伪证  If someone who is giving evidence in a court of law commits perjury, they lie."
276,idolatry,[aɪˈdɑlətri],"偶像崇拜  Someone who practises idolatry worships idols.
盲目崇拜 If you refer to someone's  admiration for a particular  person as idolatry,  you think  it is too great
and uncritical."
277,rescind,[rɪˈsɪnd],"撤销，  (政府或掌权团体)废除(法律或协议);       If a government or a group of people in power rescind a law or
agreement, they officially withdraw it and state that it is no longer valid."
278,gerrymander,[ˈdʒerimændər],不公正划分(选区) to divide the constituencies of (a voting area) so as to give one party an unfair advantage
279,filibuster,[ˈfɪləˈbʌstɚ],"〔在美国国会或其他立法机构中〕以冗长的发言阻挠（议事）   to  try  to  delay  action in  Congress  or  another
law-making group by making very long speeches"
280,impiety,[ɪmˈpaɪəti],"〔对宗教或上帝的〕不虔诚，亵渎；不敬的行为  lack of respect for religion or God, or an action that shows this"
281,exhort,[ɪɡˈzɔrt],"劝告;  勉励     If you exhort someone to do something, you try hard to persuade or encourage them to do it."
282,etiquette,[ˈɛtɪkɛt],"(尤指特定阶层的)  礼仪; (尤指特定行业的)  规矩  Etiquette is a set of customs and rules for polite behaviour,
especially among a particular class of people or in a particular profession."
283,pander,[ˈpændɚ],"迎合   If  you  pander  to  someone  or  to  their  wishes,  you  do  everything  that  they  want,  often  to  get  some
advantage for yourself."
284,verity,[ˈverəti],重要的真理[准则，事实] an important principle or fact that is always true
285,cherubic,[tʃəˈruː   bɪk],"像天使一样可爱天真无邪的；  If someone looks cherubic, they look sweet and innocent like a cherub."
286,ocular,[ˈɑkjəlɚ],眼睛的;  视觉的  Ocular means relating to the eyes or the ability to see.
287,cull,[kʌl],挑出  to select or choose (someone or something) from a group
288,debonair,[ˌdɛbəˈnɛr],"温文尔雅的  A man who is debonair is confident, charming, and well dressed."
289,decrepit,[dɪˈkrɛpɪt],"1.破旧的  Something that is decrepit is old and in bad condition.
2.衰老的 Someone who is decrepit is old and weak."
290,defection,[dɪˈfekʃn],背叛，变节  withdrawing support or help despite allegiance or responsibility
291,correlation,[ˌkɔrəˈleʃən],相互关系;  关联     A correlation between things is a connection or link between them.
292,cow,[kaʊ],"胁迫;  恐吓  If someone is cowed, they are made afraid, or made to behave in a particular way because they
have been frightened or badly treated."
293,dissident,[ˈdɪsɪdənt],"( 意见或态度等) 不一致的，有不同意见的  disagreeing  especially  with  an  established  religious  or  political
system, organization, or belief  ：  iconoclastic  ，  maverick"
294,genteel,[dʒɛnˈtil],"1.彬彬有礼的，斯文的，文雅的  .polite, gentle, or graceful
2.上流社会的     from or relating to a good social class"
295,haggard,[ˈhæɡɚd],"面容枯槁的;   憔悴的   Someone  who  looks  haggard  has  a  tired  expression  and  shadows  under  their  eyes,
especially because they are ill or have not had enough sleep."
296,fathom,[ˈfæðəm],"理解   If  you  cannot  fathom  something,  you  are  unable  to  understand  it,  although  you  think  carefully
about it."
297,scruple,[ˈskrupl],"1.道德良知   Scruples  are  moral principles  or  beliefs  that  make  you unwilling  to  do  something  that  seems wrong.
2.对…有顾忌；对…感到不安     to be unwilling to do sth because you think it is improper ,morally wrong,etc."
298,reprisal,[rɪˈpraɪzl],"报复    If  you  do  something  to  a  person  in  reprisal,  you  hurt  or  punish  them  because  they  have  done
something violent or unpleasant to you."
299,forfeit,[ˈfɔrfət],"1.( 因违规或做错事而)   失去;   被迫放弃      If  you  forfeit  something,  you  lose  it  or  are  forced  to  give  it  up because you have broken a rule or done something wrong.
2. (尤指为获得别物而)  自愿放弃 If you forfeit something, you give it up willingly, especially so that you can
achieve something else."
300,emaciated,[ɪˈmeɪʃieɪtɪd],"(因疾病或缺乏食物而)极瘦的;  骨瘦如柴的  A person or animal that is emaciated is extremely thin and weak
because of illness or lack of food."
301,titular,[ˈtɪtʃələr],"名义上的 A titular job or position has a name that makes it seem important, although the person who has
it is not really powerful."
302,sully,[ˈsʌli],弄脏，玷污     to spoil or reduce the value of something that was perfect
303,subjugate,[ˈsʌbdʒuɡeɪt],"征 服  If   someone   subjugates  a   group  of  people,   they   take   complete  control   of  them,   especially  by
defeating them in a war."
304,seedy,[ˈsidi],"肮脏的;  声名狼藉的  If you describe a person or place as seedy, you disapprove of them because they look
dirty and messy, or they have a bad reputation."
305,fortuity,[fɔː   ˈtjuː   ətɪ],偶然  a chance or accidental occurrence
306,distraught,[dɪˈstrɔt],"心烦意乱的  If someone is distraught, they are so upset and worried that they cannot think clearly."
307,stodgy,[ˈstɑdʒi],"墨守成规的，古板而乏味的 if someone or something is stodgy, they are boring and formal or old-fashioned"
308,remission,[rɪˈmɪʃn],"1.〔重病的〕减轻，缓解（期）  a period when a serious illness improves for a time
2.〔债务的〕免除  when you allow someone to keep the money they owe you formal"
309,cloistered,[ˈklɔɪstərd],隐居的  separated from the rest of the world : protected from the problems and concerns of everyday life
310,miscellany,[ˈmɪsəleɪni],混合物;  大杂烩    A miscellany of things is a collection or group of many different kinds of things.
311,spry,[spraɪ],"(尤指老人)精力充沛的;  精神矍铄的  Someone, especially an old person, who is spry, is lively and active."
312,nimble,[ˈnɪmbl],"敏捷灵巧的      Someone  who  is  nimble  is  able  to  move  their  fingers,  hands,  or  legs  quickly  and  easily.机智的  If you say that someone has a nimble mind, you mean they are clever and can think very quickly."
313,tutelage,[ˈtuː   təlɪdʒ],"1.  受指导（期）；受监护（期）  when you are taught or looked after by someone  ：under sb’s tutelage
2.  监护，保护  responsibility for someone’s education, actions, or property"
314,philistine,[ˈfɪlɪstiː   n],"庸俗的;  平庸的;  可用来指不关心或不懂得艺术、音乐或文学价值的人  You can use philistine to describe people or  organizations  who  you  think  do  not  care  about  or  understand  the  value  of  good  art,  music,  or
literature."
315,suave,[swɑv],"圆滑的   behaving  in  a  relaxed,  confident,  and  pleasant  way  in  social  situations  :  smoothly  though  often
superficially gracious and sophisticated"
316,venial,[ˈvinɪəl],可宽恕的  easily excused or forgiven
317,beige,[beʒ],lacking distinction  ：  characterless，  featureless，  vanilla
318,repellent,[rɪˈpelənt],令人厌恶的  If you think that something is horrible and disgusting you can say that it is repellent.
319,duress,[duˈres],胁迫  To do something under duress means to do it because someone forces you to do it or threatens you.
320,unsparing,[ʌnˈsperɪŋ],"1.严厉的  严苛的  very harsh or severe
2.慷慨的；挥霍的  not sparing or frugal; lavish; profuse"
321,stamina,[ˈstæmɪnə],毅力  Stamina is the physical or mental energy needed to do a tiring activity for a long time.
322,browbeat,[ˈbraʊbiː   t],对…声色俱厉地进行威逼，对…以严词厉色威胁  to use threats or angry speech to make sb do or accept sth
323,malediction,[ˌmæləˈdɪkʃən],"诅咒；咒骂，中伤；诽谤     : curse , execration"
324,heyday,[ˈhede],"全盛时期  Someone's heyday is the time when they are most powerful, successful, or popular."
325,backfire,[ˈbækˈfaɪr],"事与愿违     If a plan or project backfires, it has the opposite result to the one that was intended."
326,fraught,[frɔt],"充满   ( 问题或风险)   的        If  a  situation  or  action  is  fraught  with  problems  or  risks,  it  is  filled  with  them.令人担忧的     If you say that a situation or action is fraught, you mean that it is worrisome or difficult."
327,garbled,[ˈɡɑː   rbld],"(信息或报告)  混乱不清的  A garbled message or report contains confused or wrong details, often because
it is spoken by someone who is nervous or in a hurry."
328,retard,[ˈrɪtɑrd],"阻碍;  减缓   If  something  retards  a  process,  or  the  development  of  something,  it  makes  it  happen  more
slowly."
329,indoctrinate,[ɪnˈdɑː   ktrɪneɪt],"灌输     If people are indoctrinated, they are taught a particular belief with the aim that they will reject othe
beliefs."
330,inoculate,[ɪˈnɑkjəˈlet],"1.灌输(思想等)：to inoculate somebody with new ideas     ：  to introduce sth into the mind of                        2.给...预防接种  To inoculate a person or animal means to inject a weak form of a disease into their body as
a way of protecting them against the disease."
331,maniacal,[məˈnaɪəkl],"( 行为) 极端的;   疯狂的;   狂热的      If  you  describe  someone's  behaviour  as  maniacal,  you  mean  that  it  is
extreme, violent, or very determined, as if the person were insane."
332,vagrant,[ˈveɡrənt],"流浪者
漂泊不定的，流浪的"
333,suborn,[səˈbɔː   rn],"贿赂(某人)做坏事;  煽动(某人)做坏事  to bribe, incite, or instigate (a person) to commit a wrongful act"
334,winsome,[ˈwɪnsəm],"迷人的;  有魅力的   If  you describe  a  person or  their  actions  or behaviour  as winsome,  you mean that  they
are attractive and charming."
335,lukewarm,[ˌlʊkˈwɔm],"不热情的;  不感兴趣的 If  you describe  a  person  or  their  attitude  as  lukewarm,  you  mean  that  they  are not
showing much enthusiasm or interest."
336,impregnable,[ɪmˈprɛɡnəbl],"不可战胜的;  无法撼动的  If you say that a person or group is impregnable, or their position is impregnable,
you think they cannot be defeated by anyone."
337,beseech,[bɪˈsiː   tʃ],"恳求;  央求  If you beseech someone to do something, you ask them very eagerly and anxiously."
338,sinecure,[ˈsaɪnɪkjʊr],"(尤指)报酬丰厚的挂名职务   A  sinecure is  a  job  for  which you  receive  payment  but  which does  not  involve
much work or responsibility."
339,gamely,[ˈɡemli],"勇敢地;  坚决地  If you do something gamely, you do it bravely or with a lot of effort."
340,gambit,[ˈɡæmbɪt],"(任何为取得优势的)策略(或行动) A gambit is an action or set of actions which you carry out in order to try to gain an advantage in a situation or game.
开场白     A  gambit  is  a  remark  which  you  make  to  someone  in  order  to  start  or  continue  a  conversation
with them."
341,desultory,[ˈdɛsəltɔri],"漫无目的的，毫无计划的，散漫的     Something that is desultory is done in an unplanned and disorganized
way, and without enthusiasm."
342,discombobulate,[ˌdɪskəmˈbɑbjəˌlet],使混乱    to throw into confusion
343,disenfranchise,[ˌdɪsɪnˈfræntʃaɪz],"剥夺  (某人群的)  权利  To disenfranchise a group of people means to take away their right to vote or other
rights that most other people have."
344,prerogative,[prɪˈrɑː   ɡətɪv],"特权     If something is the prerogative of a particular person or group, it is a privilege or a power that only
they have."
345,précis,[ˌpiː   ˈɑː   r] [ˌsiː   aɪˈes],大意，梗概，摘要  a sketchy summary of the main points of an argument or theory
346,preposterous,[prɪˈpɑː   stərəs],"荒 谬 的    If  you  describe  something  as  preposterous,  you  mean  that  it  is  extremely  unreasonable  and
foolish."
347,uncouth,[ʌnˈkʊθ],行为粗俗的  不礼貌的  behaving in a rude way : not polite or socially acceptable
348,gall,[ɡɔl],〔因某事不公正而〕使恼怒，激怒  to make someone feel upset and angry because of something that is unfair
349,dumbfound,[dʌmˈfaʊnd],"使惊呆;  使目瞪口呆     If someone or something dumbfounds you, they surprise you very much."
350,dulcet,[ˈdʌlsɪt],悦耳的  pleasing to the ear
351,besiege,[bɪˈsiː   dʒ],"1. 包围； 围攻； 围困  to  surround  a  city  or  castle  with  military  force  until  the  people  inside  let  you  take control .
2.(  一般用被动态)〔人、烦恼、想法等〕包围；缠扰   if  people,  worries,  thoughts  etc  besiege  you,  you  are
surrounded by them : beleaguer"
352,sequester,[sɪˈkwestər],"使...隔离  If someone is sequestered somewhere, they are isolated from other people."
353,beleaguer,[bɪˈliː   gə],"(为困难所)困扰,使烦恼：to cause constant or repeated trouble for (a person, business,etc.): besiege"
354,faux pas,[foʊ] pas,失礼     A faux pas is a socially embarrassing action or mistake.
355,inform,[ɪnˈfɔrm],"影响〔某人的态度或观点〕  to influence someone’s attitude or opinion
Her experience as a refugee informs the content of her latest novel."
356,telling,[ˈtɛlɪŋ],"显  露  真  相  的           If   something    is    telling,   it   shows    the    true    nature   of   a    person    or    situation.
How a man shaves may be a telling clue to his age.  一个男人如何刮脸也许会暴露他的实际年龄。"
357,boycott,[ˈbɔɪkɑt],"抵制， 拒绝参加    to  refuse  to  buy  something,  use  something,  or  take  part  in  something  as  a  way  of
protesting"
358,myopic,[maɪˈɒpɪk],"1.  目光短浅的;  缺乏远见的
2.  近视的"
359,encapsulate,[ɪnˈkæpsjuleɪt],概括  To encapsulate particular facts or ideas means to represent all their most important aspects in a very small space or in a single object or event.
360,bowdlerize,[ˈbaʊdləraɪz],"删改，删除〔书、剧本等中认为有冒犯性的部分〕to remove all the parts of a book, play etc that you think might
offend someone"
361,sanitize,[ˈsænɪtaɪz],"删除… 的不良内容， 净化   to  remove  particular  details  from  a  report,  story  etc  in  order  to  make  it  less offensive,  unpleasant,  or  embarrassing   ：    he  sanitized  version  of  events  which  was  reported  in  the
government-controlled media       受政府控制的媒体上对事件经过过滤的报道"
362,vituperate,[vaɪˈtjuː   pəˌreɪt],辱骂;  谩骂  to berate or rail (against) abusively; revile
363,fecund,[ˈfikənd],"1.土地肥沃的，生殖力旺盛的.capable of producing offspring or vegetation
2.创作能力强的，富有创造力的  intellectually productive"
364,grudge,[ɡrʌdʒ],勉强做〔某事〕；勉强给〔某物〕  to do or give something very unwillingly
365,forlorn,[fɚˈlɔrn],"1.孤苦伶仃的     If someone is forlorn, they feel alone and unhappy.
2.  不可能成功的  A forlorn hope or attempt is one that you think has no chance of success."
366,fortitude,[ˈfɔː   rtətuː   d],刚毅；不屈不挠  strength of mind that enables one to endure adversity with courage
367,grueling,[ˈgruː   əlɪŋ],"使人精疲力竭的    very difficult; requiring great effort: arduous, demanding, trying"
368,delve,[delv],"探索，探究     If you delve into something, you try to discover new information about it."
369,agog,[əˈɡɑː   ɡ],"兴奋的;  急切的  If you are agog, you are excited about something, and eager to know more about it."
370,congruent,[ˈkɑŋɡruənt],"相似的;  合适的 If one thing is congruent with another thing, they are similar or fit together well."
371,byzantine,[baɪˈzæntaɪn;  ˈbaɪzəntaɪn],错中复杂的  highly complex
372,chide,[tʃaɪd],"斥 责    If  you  chide  someone,  you  speak  to  them  angrily  because  they  have  done  something  bad  or
foolish."
373,inveigle,[ɪnˈveɪɡl],"诱骗   If  you  inveigle  someone  into  doing  something,  you  cleverly  persuade  them  to  do  it  when  they  do
not really want to."
374,expound,[ɪkˈspaʊnd],"阐释  If you expound an idea or opinion, you give a clear and detailed explanation of it."
375,gridlock,[ˈɡrɪdlɑk],僵局；交通全面堵塞
376,set forth,[sɛt] [fɔrθ],"阐明（观点）   to explain ideas  ，facts or opinions in  a clearly  organized  way in writing or  in a  speech  ：
expound"
377,inveigh,[ɪnˈveɪ],"猛烈抨击     If you inveigh against something, you criticize it strongly."
378,exceptionable,[ɪkˈsepʃənəbəl],(会)引起反对的;  可以反对的  open to or subject to objection; objectionable
379,seemly,[ˈsiː   mli],(行为或穿着)得体的  Seemly behaviour or dress is appropriate in the particular circumstances.
380,usurp,[juː   ˈzɜː   rp],"篡夺，夺取〔权力、地位、工作等〕  to take someone else’s power, position, job etc when you do not have
the right to"
381,vigilant,[ˈvɪdʒələnt],"警 惕 的       Someone  who  is  vigilant  gives  careful  attention  to  a  particular  problem  or  situation  and
concentrates on noticing any danger or trouble that there might be."
382,adamant,[ˈædəmənt],坚定不移的，顽强不屈的  very determined
383,demagogue,[ˈdeməɡɑː   ɡ],"蛊惑民心的政客，煽动民众的政客〔含贬义〕 a political leader who tries to make people feel strong emotions
in order to influence their opinions"
384,decorous,[ˈdekərəs],礼貌得体的     seemly，  polite，  punctilious
385,decorum,[dɪˈkɔː   rəm],"礼貌得体    Decorum is behaviour that people consider to be correct, polite, and respectable."
386,fidgety,[ˈfɪdʒɪti],"烦躁不安的  Someone who is fidgety keeps fidgeting, for example, because they are nervous or bored."
387,menial,[ˈminjəl],"卑微的    Menial work is very boring, and the people who do it have a low status and are usually badly paid."
388,kernel,[ˈkɝnl],"1.〔陈述、观点、计划等的〕核心，中心，要点  the most important part of a statement, idea, plan etc
2.〔果实的〕仁；核仁
3.  〔某物的〕极小一部分，微量"
389,attrition,[əˈtrɪʃən],"1.自然减员  when people leave a company or course of study and are not replaced .
2.〔对敌人的〕消耗， 消磨  the  process  of  gradually  destroying  your  enemy  or  making  them  weak  by
attacking them continuously"
390,irredeemable,[ˌɪrɪˈdiː   məbl],"〔因太糟而〕不能纠正的；无法补救的；不可救药的  too bad to be corrected, repaired, or saved formal"
391,irrevocable,[ɪˈrevəkəbl],"不可改变的  If a decision, action, or change is irrevocable, it cannot be changed or reversed."
392,invincible,[ɪnˈvɪnsəbl],"不可战胜的  If you describe an army or sports team as invincible, you believe that they cannot be defeated
indomitable"
393,precis,[preɪˈsiː   ],大意，梗概，摘要，概要  a sketchy summary of the main points of an argument or theory: outline， synopsis
394,jaunty,[ˈdʒɔnti],"充 满 信 心 和 活 力 的  If  you  describe  someone  or  something  as  jaunty,  you  mean  that  they  are  full  of
confidence and energy."
395,retribution,[ˌrɛtrɪˈbjuʃən],惩罚，报应     punishment for doing sth wrong：  reprisal，  revenge  ，vengeance
396,nitpick,[ˈnɪtpɪk],挑剔  be overly critical; criticize minor details：  carp，  cavil
397,drudgery,[ˈdrʌdʒəri],"苦差事   You  use  drudgery  to  refer  to  jobs  and  tasks  which  are  boring  or  unpleasant  but  which  must  be
done"
398,conversant,[kənˈvɜː   rsnt],"熟悉的  If you are conversant with something, you are familiar with it and able to deal with it."
399,efficacy,[ˈefɪkəsi],功效，效力  capacity or power to produce a desired effect
400,inexorable,[ɪnˈɛksərəbl],不可阻挡的 You use inexorable to describe a process that cannot be stopped.
401,harrowing,[ˈhæroʊɪŋ],折磨人的  A harrowing experience is extremely upsetting or disturbing.
402,hermetic,[hɝˈmɛtɪk],"1.封闭的;  与世隔绝的  You use hermetic to describe something which you disapprove of because it seems to be totally separate from other people and things in society.
2.relating to or characterized by occultism or abstruseness : recondite"
403,dissonance,[ˈdɪsənəns],不一致  Dissonance is a lack of agreement or harmony between things
404,squeal,[skwil],"发出长而尖的声音  If someone or something squeals, they make a long, high-pitched sound."
405,trying,[ˈtraɪɪŋ],"难对付的;  令人厌烦的     If you describe something or someone as trying, you mean that they  are difficult
to deal with and make you feel impatient or annoyed."
406,penchant,[ˈpentʃənt],"特别的喜好     If someone has a penchant  for something, they  have a special liking for it or a tendency to do it."
407,dissimulate,[dɪˈsɪmjuleɪt],"(以假象)掩饰(感情、意图、动机等)     When  people  dissimulate,  they  hide  their  true feelings,  intentions,  or
nature."
408,dexterity,[dɛk'stɛrəti],"(手或心思)灵巧  Dexterity is skill in using your hands, or sometimes your mind."
409,hand-wringing,[hænd] [rɪŋ],"绝望   If  you  accuse  someone  of  hand-wringing,  you  mean  that  they  are  expressing  sorrow  about  a  bad
situation but are saying that they are unable to change it."
410,homage,[ˈhɑmɪdʒ],"崇敬  Homage is respect shown toward someone or something you admire, or to a person in authority."
411,skittish,['skɪtɪʃ],easily frightened：  restive
412,discrete,[dɪ'skrit],clearly separate
413,synopses,[si'nɔpsi:z],提要  ，梗概  summary of a longer piece of writing or work
414,imperceptible,"[,ɪmpɚ'sɛptəbl]",难以察觉的  almost impossible to see or notice  ：  gradual
415,gradual,['ɡrædʒuəl],"逐渐的（难以察觉的）  moving, changing, or developing by fine or often imperceptible degrees：
imperceptible"
416,soft-spoken,['sɔft'spokən],"说话温和的     Someone who is soft-spoken has a quiet, gentle voice."
417,unprepossessing,"[,ʌnpriːpə'zesɪŋ]","If you describe someone or something as unprepossessing, you mean that they look rather plain or
ordinary, although they may have good or special qualities that are hidden  提示：务必记住这
个词的英文释义  ，不要查中文释义."
418,invention,[ɪnˈvɛnʃən],"虚构  If you refer to someone's account of something as an invention, you think that it is untrue and that
they have made it up."
419,posturing,[ˈpɑːstʃər],"1.(指观点或态度上)假装的姿态，装腔作势  when someone pretends to have a particular opinion or attitude
2.扭捏作态，做作的举止  when someone stands or moves in a way that they hope will make other people
notice and admire them"
420,tenor,[ˈtɛnɚ],"1.男高音 a male singing voice that can reach the range of notes below the lowest woman’s voice, or a man
with a voice like this         。
2.〔文章或讲话的〕大意，要旨  the general meaning of something written or spoken, or the general attitude
expressed in it"
421,diabolic,[ˌdaɪəˈbɑːlɪk],"非常糟糕的;  极度的;  可恶的    If you describe something as diabolic, you are emphasizing that it is very bad,
extreme, or unpleasant."
422,oblique,[əˈbliːk],"1.间接的，不直截了当的 not expressed in a direct way：  indirect
2.斜的，倾斜的 not looking, pointing etc directly at something"
423,itinerant,[aɪˈtɪnərənt],"〔尤指工作上〕巡回的；流动的  travelling from place to place, especially to work"
424,decisive,[dɪˈsaɪsɪv],"1.  果断的，决断.able to make choices quickly and confidently
2.  清晰明确的  definite and clear in a way that leaves no doubt;     very clear and obvious:
unmistakable , unquestionable"
425,catharsis,[kəˈθɑːrsɪs],"〔通过写作、谈话、演戏等进行的〕情感宣泄，精神发泄 the act or process of removing strong or violent
emotions by expressing them through writing, talking, acting etc"
426,reducible,[rɪˈduːsəbl],"可简化的  If you say that an idea, problem, or situation is not reducible to something simple, you mean
that it is complicated and cannot be described in a simple way."
427,open to,[ˈopən] [tuˌtə],"容易受到  (辱骂、批评)  的  ADJ If you say that a system, person, or idea is open to something such as abuse or criticism, you mean they might receive abuse or criticism because of their qualities, effects,
or actions."
428,sweeping,[ˈswipɪŋ],"1.  影响大的；范围广的  affecting many things, or making an important difference to something
They want to make sweeping changes to education policies.  他们想要对教育政策进行大刀阔斧的改革。
2.一概而论的说法/笼统的概括〔含贬义〕  a statement etc that is too general and that does not consider all
the facts"
429,wink,[wɪŋk],"眨眼示意  When you wink at someone, you look toward them and close one eye very briefly, usually as a
signal that something is a joke or a secret."
430,biotic,[baɪˈɑtɪk],生物的；有关生命的    of or relating to living organisms
431,abiotic,[ˌeɪbaɪˈɑːtɪk],非生物的，无生命的  devoid of life
432,hole,[hol],〔想法、计划等的〕漏洞，破绽，问题  a weak part or fault in something such as an idea or plan
433,wanting,[ˈwɔntɪŋ],"有欠缺的,不足的  something that is wanting lacks or misses something that it needs or something that you
expect it to have"
434,lag,[læɡ],"落后  If one thing or person lags behind another thing or person, their progress is slower than that of the
other thing or person."
435,opportunism,[ˌɑːpərˈtuːnɪzəm],"机会主义，投机取巧〔含贬义〕  using every opportunity to gain power, money, or unfair advantages：
self-interest"
436,canned,[kænd],"1.   千篇一律的；陈腐的  not original or special：    formulaic
2.   canned music/laughter     ：music or laughter that has been recorded and is used on television or in
radio programmes     〔在电视或电台节目中使用的〕预录音乐/笑声"
437,shoddy,[ˈʃɑdi],"1. made or done cheaply or carelessly  劣质的，粗制滥造的；
2. unfair and dishonest  不正当的，卑鄙的"
438,parch,[pɑrtʃ],"晒[吹]干；使极干燥  if the sun or wind parches something, it makes it very dry"
439,saddle,['sædl],"使承担〔苦差事〕saddle sb with sth
to make someone have a job or problem that is difficult or boring and that they do not want。  同义词：
burden，  encumber"
440,oracle,['ɔrəkl],"1.  圣贤；哲人 a person giving wise or authoritative decisions or opinions
2.  圣言；睿智的回答  an authoritative or wise expression or answer"
441,inquisitive,[ɪn'kwɪzətɪv],"1.  过分好奇的；爱打听的；好追根究底的  asking too many questions and trying to find out too many details about something or someone
2.  好问的，爱探究  interested in a lot of different things and wanting to find out more about them"
442,roister,['rɒɪstə],参与喧闹性娱乐;  狂欢  engage in noisy merrymaking; revel
443,ossify,[ˈɑ:sɪfaɪ],墨守成规；僵化 to become unwilling to consider new ideas or change your behaviour formal
444,fringe,[frɪndʒ],"次要的;  边缘的  ADJ Fringe groups or events are less important or popular than other related groups or
events."
445,censor,['sensər],"审查(书刊、剧本、信件等);  检查和删节  to examine in order to suppress or delete anything considered objectionable <censor the news>; also: to suppress or delete as objectionable <censor out indecent
passages>"
446,fetch,[fɛtʃ],"1.卖得，售得〔尤用于新闻报道〕  to be sold for a particular amount of money, especially at a public sale  – used especially in news reports
2.（去）拿来；（去）请来；（去）找来  to go and get something or someone and bring them back"
447,imposition,[ˌɪmpəˈzɪʃən],"1.〔规章  、惩罚、税种等的〕实施  the introduction of something such as a rule, punishment, tax etc 〔规章惩罚、税种等的〕实施
2.  过分的要求，无理要求  something that someone expects or asks you to do for them, which is not
convenient for you formal"
448,withhold,[wɪðˈhoʊld],拒绝给予、保留  to refuse to give someone something
449,self-imposed,[ˌsɛlfɪmˈpozd],"自愿承担的;  自己强加的  A self-imposed restriction, task, or situation is one that you have deliberately created or accepted for yourself.
She spent five years in self-imposed exile in Bolivia.  她在玻利维亚度过了五年的自我流放生活。"
450,disposed,[dɪˈspoʊzd],"愿意的  If you are disposed to do something, you are willing or eager to do it."
451,irrespective of sth,[ˌɪrɪˈspɛktɪv],"不受某事物影响；不考虑某事物；不问某事物  used when saying that a particular fact has no effect on a
situation and is not important"
452,dissent,[dɪ'sɛnt],【对官方决定或公认观点的】异议，意见分歧  refusal to agree with an official decision or accepted opinion.
453,the dubious honour/ distinction/ pleasure (of doing sth),['dubɪəs] ['ɒnə]/ [dɪ'stɪŋkʃən]/[ˈplɛʒɚ],"【做某事的】污名，耻辱，不幸  a dubious honour etc. is the opposite of an honour- used about something
unpleasant that happens."
454,modish,['modɪʃ],"〔思想、设计等〕新潮的，时髦的，流行的       modish ideas, designs etc are modern and fashionable"
455,recapitulate,['rikə'pɪtʃə'let],概括  to repeat the most important points as a summary.
456,patent,['pætnt],显而易见的  to indicate in an emphatic way that you think its nature or existence is clear and obvious.
