单词,词性,释义
List1,,
aback,adv.,吃惊地
abandon,n.,放纵
abash,v.,"使羞愧, 使困窘"
abate,v.,减弱
abbreviate,v.,缩短
aberrant,adj.,不正常的
abet,v.,"怂恿, 支持, 教唆（犯罪）"
abeyance ,n.,"中止, 暂停"
abhor,v.,厌恶
abiding,adj.,长期的
abnegate,v.,否认
abolish,v.,"废除, 废止"
abominate,v. ,"憎恶, 憎恨"
abound,v.,"富于, 充满"
abrade,v.,磨损
abreast,adj.,与时俱进的
abridge,v.,缩短
absorbing,adj.,吸引人的
abstemious,adj.,生活节制的
abstraction,n.,"抽象, 概要"
abstruse,adj.,难以理解的
abuse,v.,滥用
abyss,n.,深渊（指危险的处境）
accede,v.,同意
accent,v.,发重音
accentuate,v.,强调
acclaim,v.,"欢呼, 喝彩"
accolade,n.,赞美
accommodate,v.,调解
accord,n.,"和谐, 一致"
accountable,adj.,（对某事）负责任的
accrete ,v.,逐渐增长
accretive,adj., 增积的
acerbic,adj.,（语言）辛辣尖刻的
acidic,adj.,"酸的, 尖酸刻薄的"
acknowledge,v.,感谢
acme,n. ,最高点
acolyte,n.,助手
acquiesce,v.,"默许, 默认"
acquired,adj.,后天习得的
acquisitive,adj.,贪婪的
acquittal,n.,宣告无罪
acrimony,n.,"尖刻, 犀利"
acumen,n.,"机智, 精明"
acute,adj.,严重的，关键的
adamant,adj.,固执的
adduce,v.,引用…证明
adept,adj.,精通的
adhere,v.,"依附于…,坚持"
adjacent,adj.,相邻的
adjudicate ,v.,"裁定, 宣判"
adjunct,n.,附属物
adjuration,n.,恳求
admonish,v.,"警告, 批评"
adorn,v.,装饰
adroit,adj.,灵巧的
adulation,n.,"恭维, 吹捧"
adulterate,v.,掺假
adversarial,adj.,敌对的
adverse,adj.,"不利的, 有害的"
List2,,
aesthetic,adj.,美学的
affable,adj.,和蔼可亲的
affect,v.,"伪装, 装腔作势"
affiliate,v.,附属
affinity,n.,"倾向, 偏好"
affirmative,adj.,积极的
agglomerate,v.,聚集
aggrandize,v.,"夸大, 吹捧"
aggrieve,v.,使痛苦
aghast,adj.,吃惊的
agog,adj.,急切渴望的
agonize,v.,感到痛苦，挣扎
agreeable,adj.,适合的
ailment,n.,疾病
aimless,adj., 漫无目的的
airtight,adj.,"密封的, 不透气的"
akin,adj.,"相似的, 相关的"
alacrity,n.,欣然同意
alarmism,n.,"（毫无根据的）担忧, 危言耸听"
albeit,conj. ,即使
alienate,v.,疏远
allege,v.,"断言, 宣称"
allegory,n.,象征
alleviate,v.,减轻
alliance,n.,"联盟, 联合"
allure,v.,引诱
aloof,adj.,"冷漠的, 疏远的"
alter,v.,改变
altercate,v. ,争吵
altruism,n.,"无私, 利他主义"
amass,v.,"积聚, 积累"
ambiguous,adj.,"有歧义的, 模糊不清的"
ambivalent,adj.,（情感、态度）矛盾的
ameliorate,v.,"改善, 提升"
amenable,adj.,"愿意的, 服从的"
amicable,adj.,和善的
amid,prep.,在…之中
amiss,adj.,错误的
amorphous,adj.,无固定形状的
amplify,v.,详细阐述
anachronism,n.,时代错乱
analgesic,n.,止痛药
analogous,adj.,相似的
anarchism,n.,无政府主义
anathema,n.,极其讨厌的人或事
anatomize,v.,解剖
anchor,v.,使...稳定
ancillary,adj.,辅助的
anecdote,n.,趣闻，轶事
anemia,n.,缺乏活力
animadversion,n.,"批判, 责骂"
animate,adj.,"活着的, 有生命的"
animus,n.,敌意
annals,n.,历史记载
anneal,v.,加固
annex,v.,附加
annihilate,v.,"毁灭, 毁坏"
annotate,v.,注释
anodyne,adj.,不惹人厌烦的
anomalous,adj.,"不寻常的, 异常的"
List3,,
anonymous,adj.,不出名的
antagonistic,adj.,敌对的
antecedent,n.,先前的
antediluvian,adj.,极为过时的
anthropocentrism,n.,人类中心说
anthropogenic,adj.,人为的
anticipate,v.,期待
antidote,n. .,解药
antiquarian,adj.,古文物研究的
antiquated,adj.,"老旧的, 过时的"
antithesis,n.,"相反, 对立"
apathetic,adj.,漠不关心的
ape,v.,（笨拙的）模仿
apex,n.,"最高点, 顶峰"
aplomb,n.," 自信沉着, 泰然自若"
apocalypse,n.,大灾难
apocryphal,adj. ,"被人们普遍接受却不正确的, 假的"
apogee,n. ,最高点
apolitical,adj.,对政治不感兴趣的
apologist,n.,辩护人
apology,n.,辩护
apostle,n.,狂热的支持者
appeal,v.,"呼吁, 恳求"
appease,v.,"安抚, 缓和"
applaud,v. ,"赞美, 支持"
apposite,adj.,"合适的, 相关的"
appraise,v.,评估
appreciable,adj.,"可感知的, 可衡量的"
appreciate,v.,升值
apprehend,v.,逮捕
apprentice,n.,新手
approbate,v.,"支持, 赞成"
appropriate,adj.,合适的
apropos,adj.,合适的
apt,adj.,合适的
arbitrary,adj.,"武断的, 任性的"
arboreal,adj.,树的
arcane,adj.,难懂的，鲜为人知的
archaic,adj.,过时的
archetypal,n.,典型
archive,v. ,"存档, 保存"
ardent,adj.,"热衷的, 热情的"
arduous,adj.,困难的
arguably,adv.,可以这样说地
aristocracy,n.,"贵族统治, 精英统治"
arrest,v.,阻止
artifice,n. ,诡计，欺骗
artless,adj.,"朴实的, 单纯的"
ascertain,v.,查明
ascetic,adj.,生活朴素的
ascribe,v.,归因于
aside,n. ,跑题
asperity,n.,态度粗暴
assail,v.,"批评, 攻击"
assemblage,v. ,混合
asset,n.,有价值的人或事
asseverate,v.,郑重声明
assiduous,adj.,努力的
assimilate,v.,吸收
associate,n.,"同事, 伙伴"
List4,,
august,adj.,"庄严的, 肃穆的"
assuage,v.,"安抚, 缓和"
assume,v.,假装
astringent,adj.,"严厉的, 尖刻的"
astronomical,adj.,巨大的
astute,adj.,敏锐的
asunder,adj.,分裂的
atavism,n.,重现
atheism,n.,无神论
attain,v.,"达到, 获得"
attenuate,v.,使减弱
attune,v.,使协调一致
audacious,adj.,"大胆的, 无畏的"
augment,v.,放大
auspicious,adj.,"吉兆的, 幸运的"
austere,adj.,"朴素的, 没有装饰的"
authenticate,v.,"验证, 证明....是真实的"
authoritarian,adj.,专制的
authoritative,adj.,"权威的, 可信的"
autocrat,n.,独裁者
autonomous,adj.,自治的
autumn,n.,"晚年, 暮年"
avant-garde,n.,"先锋派, 前卫派"
avaricious,adj.,贪婪的
avatar,n.,"化身, 代表"
aver,v.,断言
averse,adj.,反感的
avert,v. ,阻止
avian,adj.,跟鸟有关的
avid,adj.,"非常渴望的, 贪婪的"
avow,v.,承认
await,v.,等待
awry,adj.,错误的
axiomatic,adj.,公理的，不证自明的
backbone,n.," 支柱, 支撑"
backfire,v.,"事与愿违, 起反作用"
backhanded,adj.,不直接的
backlash,n.,激烈反对
backwater,n.,停滞、落后的地方
baffle,v.,使...困惑
baleful,adj.,邪恶的，不吉利的
balk,v.,（突然地)拒绝
balkanize ,v.,使割据
balloon,v.,快速上升
banal,adj.,无聊的
baneful,adj.,有害的
banish,v.,驱逐
barbarity,n.,"野蛮, 残忍"
baroque,adj.,"奢华的, 复杂的"
barring,prep.,除了......以外
base,adj.,卑鄙的
baseless,adj.,毫无根据的
bathetic,adj.,陈腐的
becoming,adj.,"（尤指有吸引力的）得体的, 合适的"
bedrock,n.,根基
befuddle,v.,使...困惑
beget,v.,导致
beholden,adj.,亏欠的
belabor,v.,批评
belated,adj.,"晚的, 迟的"
List5,,
beleaguer,v.,困扰，骚扰
belie,v.,掩盖
belittle,v.,"轻视, 贬低"
belligerent,adj.,好斗的
bellwether,n.,领导者
bemoan,v.,"哀悼, 悲伤"
bemuse,v.,使...困惑
benefactor,n.,慈善家
beneficiary,n.,受帮助的人
benevolent,adj.,"仁慈的, 慈善的"
benighted,adj.,"无知的, 愚昧的"
benign,adj.,无害的
bent,adj.,有倾向的
bequeath,v.,遗赠
beset,v.,困扰
bestow,v.,"授予, 给予"
betoken,v.,预示
betray,v.,（无意中）显露
bewilder,v.,使...困惑
bifurcate,v. ,一分为二
bighearted,adj.,"慷慨的, 宽大的"
bishop,n.,主教
bitter,adj.,"怨恨的, 气愤的"
bland,adj.,无聊的
blatant,adj.,吵吵闹闹的
bleak,adj.,"阴暗的, 阴郁的"
blemish,v.,"玷污, 破坏"
blight,v.,破坏
blithe,adj.,"无忧无虑的,轻松的"
block,v.,"阻碍, 妨碍"
blunt,adj.,直率的
blur,v.,使...模糊不清
bluster,v.,（虚张声势地）恐吓
boast,v.,吹嘘
bogus,adj.,假的
boisterous,adj.,吵闹的
bolster,v.,支持
bombard,v.,（如炸弹般）攻击（人或事物）
bombastic,adj.,夸大的，言过其实的
bookish,adj.,书呆子气的
boon,n.,"好处, 福利"
boor,n.,粗人
boorish,adj.,"粗鲁的, 粗野的"
boost,v.,"增加, 促进"
bootless,adj.,无用的
bore,n.,无聊的人
boredom,n. ,厌倦
bottleneck,v.,阻塞，妨碍
bountiful,adj.,丰富的
boycott,v.,抵制
brackish,adj.,令人恶心的
brag,v.,"吹嘘, 炫耀"
braggadocio,n.,"自夸, 吹牛大王"
braggart,n.,吹牛者
brainchild,n.,"(辛苦劳动的)成果, 结晶"
brandish,v.,炫耀
bravado,n.,装作勇敢
brazen,adj.,"厚颜无耻的, 臭不要脸的"
bridle,v.,限制，抑制
brink,n.,(事情发生的) 边缘
List6,,
bristle,v.,"生气, 愤怒"
brook,v.,"容忍, 忍受"
brusque,adj.,"唐突的, 无礼的"
bucolic,adj.,乡间生活的
budding,adj.,新出现的
bulwark,n.,堡垒，壁垒
bungle,v.,搞砸
buoy,v.,使浮起来 
buoyant,adj.,愉悦的
bureaucracy,n.,官僚机构
burgeon,v.,"繁荣, 快速增长"
burlesque,n.,通过滑稽的模仿而讽刺
bustling,adj.,忙乱的
bypass,v.,绕过
byword,n.,"典型, 代名词"
cachet,n.,"声望, 威望"
cacophony,n. ,"刺耳的声音, 不和谐的声音"
cagey,adj.,小心的；谨慎的
cajole,v.,哄骗
calamity,n.,大灾难
calculable,adj.,可计算的
calculated,adj.,"故意的, 精打细算的"
callous,adj.,冷漠的
callow,adj.,"幼稚的, 稚嫩的"
calumny,n.,诽谤
camaraderie,n.,志同道合之情谊
canard,n.,谣言
canary,n.,金丝雀
canned,adj.,千篇一律的
cannibalism,n.,"食人,嗜食同类"
cannibalize,v.,采用...作为主要来源
canny,adj.,"精明的, 聪明的"
canonical,adj.,（书籍等在某个领域）经典之作的
cantankerous,adj.,易怒的
capitulate,v. ,投降
capricious,adj.,变化多端的
captious,adj.,"挑刺的, 吹毛求疵的"
captivate,v.,吸引
caricature,n.,讽刺画
castigate,v.,严厉批评
cast-iron,adj.,"坚固的, 顽强的"
cataclysm,n.,n. 灾难
catastrophe,n. ,灾难
categorical,adj.,"绝对的, 坚定的"
cater,v. ,迎合
caterwaul,v.,发出难听的声音
cautious,adj. ,小心谨慎的
cavalier,adj.,随便的，轻蔑的
cease,v.,停止
cede,v.,割让
celebrated,adj.,出名的
censure,v.,指责
cerebral,adj.,理智的
certitude,n.,确信无疑
chagrin,n.,"苦恼, 烦恼"
champion,n.,支持者
channel,v.,指导，引导
chaos,n.,混乱
charlatan,n.,骗子
chastise,v.,谴责
List7,,
chauvinism,n.,盲目的爱国心
chauvinistic,adj.,极端爱国的
check,v.,阻止
chic,adj.,时尚的
chicanery,n.,"欺骗, 诡计"
chimera,n.,幻想
chivalrous,adj.,勇敢的
choke,v.,抑制
choreograph,v.,精心安排
churlish,adj.,不礼貌的
cinch,n. ,容易的事
circuitous,adj.,"兜圈子的, 不直接的"
circumlocution,n. ,绕圈的话语
circumscribe,v.,限制
circumspect,adj.,谨慎的
circumstantial ,adj.,详细的
circumvent,v.,"绕过, 回避"
civil,adj.,公民的
clairvoyance,n.,洞察力
clairvoyant,adj. ,有洞察力的
clamorous,adj.,吵吵闹闹的
clandestine,adj.,"秘密的, 隐蔽的"
clangorous,adj.,"叮当响的, 响亮的"
claustrophobic,adj.,狭小而引起不适的
clearheaded,adj.,思路清晰的
cleave,v.,忠诚于…
clergy,n.,"神职人员, 牧师"
cliché,n.,陈词滥调
clinical,adj.,"不感情用事的, 冷静的"
clique,n.,小团体
cloak,v.,"伪装, 掩盖"
clot,v.,凝固结块
clownish,adj.,"小丑般的, 滑稽的"
cloying,adj. ,令人腻烦的
clueless,adj.,无知的
clumsy,adj.,笨拙的
cluster,v.,聚集
clutch,v.,抓住
coalesce,v.,"聚合, 团结"
coarse,adj.,粗糙的
coax,v.,诱骗
coddle,v.,溺爱
codify,v.,整理
coerce,v. ,强制
cognizant,adj.,"知道的, 有意识的"
coin,v.,发明（一个新词）
coincide,v.,碰巧
collected,adj.,冷静的
collective,adj.,集体的
collectivism,n.,集体主义
collegiality,n.,共同掌权
colloquial,adj.,"口头的, 非正式的"
collude,v.,同谋
color,v. ,"扭曲, 影响"
comb,v.,"仔细检查, 仔细搜寻"
comity,n.,"友好, 和谐"
commence,v.,开始
commend,v.,赞美
commensurable,adj.,可用共同标准测量的
commensurate,adj.,"相等的, 相似的"
List8,,
commiserate,v.,"哀悼, 同情"
commonplace,n.,"平庸, 普通"
compartmentalize,v.,"分门别类, 划分"
compassionate,adj.,同情的
compelling,adj.,有趣的
compensate,v.,弥补
compile,v.,编辑
complacent,adj.,"自我感觉良好的, 自满的"
complaint,n.,抱怨
compliant,adj.,"顺从的, 迎合的"
complimentary,adj.,赞美的
composed,adj.,冷静的
compound,v.,"混合, 合成"
comprehensive,adj.,全面的
comprise,v.,构成
compromise,v.,"妥协, 让步"
compulsory,adj.,强制的
compunction,n.,"后悔感, 犯罪感"
conceal,v.,隐藏
concede,v.,承认
conceive,v.,"构想, 创造"
conciliatory,adj.,"安抚的, 调和的"
concise,adj.,简洁的
conclusive,adj.,"终结的, 最终的"
concoct,v.,"编造, 捏造"
concomitant,adj.,"相伴随的, 与...同时发生的"
concord,n.,意见一致
concrete,adj.,真实的
concur,v.,同意
condemn,v.,谴责
condescend,v.,带着优越感态度对待人
condone,v.,"原谅, 认可"
conducive,adj.,"有益的, 有帮助的"
confer,v.,"授予, 给予"
confess,v.,"坦白, 承认"
confide,v.,吐露
confine,v.,限制
confiscate,v.,没收
conflate,v.,合并
conform,v.,"符合, 遵守"
confound,v.,使困惑
confront,v.,反抗
congenial,adj.,友善的
congruent,adj.,相一致的
congruous,adj.,"一致的, 适合的"
conjecture,v.,猜测
conjure,v.,想象出
connoisseur,n.,"鉴赏家, 内行"
conscientious,adj.,本着良心的
consensus,n.,意见一致
consequential,adj.,重要的
conservation,n.,保护
consign,v.,"委托, 转交"
consilience,n.,"一致, 符合"
consolidate,v.,巩固
consort,v.,陪伴
conspicuous,adj.,"显眼的, 明显的"
conspire,v.,"共谋, 协力"
constrict,v.,限制
construe,v.,理解
List9,,
consummate,adj.,"完满的, 圆满的"
contagious,adj.,"传染的,有感染力的"
contain,v.,限制
contemplate,v.,深入思考
contemporary,adj.,"当代的, 现代的"
contemptuous,adj.,鄙视的
content,adj.,满足的
contentious,adj.,引起争议的
contest,v.,"质疑, 否认"
contiguous,adj.,临近的
contingency,n.,可能事件
contingent,adj.,依情况而定的
contour,n.,轮廓
contract,v.,招致
contradictory,adj.,对立的
contravene,v.,违反
contrite,adj.,后悔的
contrive,v. ,设计
controversial,adj.,有争议的
controvert,v.,"争论, 辩论"
conundrum,n.,难题
conversant,adj.,熟悉的
conviction,n. ,信念
convincing,adj.,有说服力的
convivial,adj.,"好交际的, 欢聚的"
convoluted,adj.,"难懂的, 复杂的"
convulsion,n.,"骚乱, 动乱"
copious,adj.,大量的
cordial,adj.,热情友好的
cornerstone,n.,重要的基石
corollary,n.,"推论, 结果"
corporeal,adj.,"肉体的, 有实体存在的"
corroborate,v.,"佐证, 提供证据证明"
corrode,v.,"削弱, 破坏"
corrosive,adj.,（言语）讽刺的，挖苦的
coruscate,v.,"闪烁, 闪光"
cosmopolitan,adj.,见多识广的
cosset,v.,溺爱
coterie,n.,小团体
count,v.,有重要性
countenance,v. ,赞同
counterbalance,n. ,"平衡, 抵消"
counterfeit,adj.,伪造的
counterintuitive,adj.,"违反常理的, 与直觉相反的"
countermand,v.,撤销（命令）
counterpart,n.,等价物
counterproductive,adj.,"起反作用的, 事与愿违的"
course,n.,过程
court,v.,招致
courteous,adj.,有礼貌的
covert,adj.,"秘密的, 隐蔽的"
covet,v. ,渴求
cow,v.,恐吓
coy,adj. ,腼腆的
crass,adj.,粗鲁的
crave,v. ,极度渴望
credential,n.,证明
credulous,adj.,易受欺骗的
crestfallen,adj.,沮丧的
cronyism,n.,任用亲信
List10,,
croon,v.,低吟浅唱
crumble,v.,"崩溃, 瓦解"
culmination,n.,"最终, 结果"
culprit,n.,"罪犯, 罪魁祸首"
cumbersome,adj.,笨拙的
cunning,adj.,狡猾机智的
cupidity,n. ,贪心
curator,n.,管理者
curb,v.,"限制, 控制"
cure-all,n.,万能灵药
cursory,adj.,"草率的, 仓促的"
curt,adj.,语言简练的
curtail,v.,削减
customary,adj.,惯常的
cynic,n.,认为人性自私的人
cynical,adj.,认为人性自私的，愤世嫉俗的
cynicism,n.,认为人性自私
dainty,adj. ,小巧精致的
dampen,v.,"抑制, 削弱"
daredevil,adj.,鲁莽的
daunting,adj.,"令人畏惧的, 望而生怯的"
dazzle,v.,"使…目眩, 使...惊叹"
deadlock,n.,僵局
deadpan,adj.,面无表情的
dearth,n.,缺乏
debacle,n.,大灾难
debilitate,v.,"使…衰弱, 虚弱"
debonair,adj.,彬彬有礼的
debunk,v.,"拆穿, 揭露… 的错误"
decadent,adj.,"（思想）堕落的, 颓废的"
decay,v.,衰退
deceive,v.,欺骗
decelerate,v.,减缓
decimate,v.,（严重地）破坏
decipher,v.,"解释, 破译"
decisive,adj.,"果决的, 坚定的"
declamatory,adj.,"演说般的, 慷慨激昂的"
decode,v.,"破译, 解码"
décor,n.,"（装修的）格调, 风格"
decorous,adj.,得体的
decrepitude,n.,衰老
dedicate,v.,"致力于, 奉献于"
deduce,v.,推断
de-emphasize,v.,降低…的重要性
defame,n.,"贬损, 玷污"
defensive,adj.,"被动防守的, 防御的"
defer,v.,推迟
deference,n.,（因地位高或年长而）尊敬
defining,adj.,非常重要的
deflate,v.,"使...泄气, 使...挫败"
deflect,v.,"使…偏离, 改变方向"
deft,adj.,灵巧的
defy,v.,"不遵守,不服从, 抵抗"
degenerate,adj.,道德败坏的
degrade,v.,贬低
deify,v.,"奉...为神, 尊敬"
dejected,adj.,沮丧的
delegate,n.,代表
deleterious,adj.,有害的
deliberate,v.,深思熟虑
List11,,
delightful,adj.,"（形容事物）令人愉悦的, 令人高兴的"
delineate,v.,描绘轮廓
delude,v.,"迷惑, 欺骗"
delve,v.,"搜寻, 挖掘"
demanding,adj.,费力的
demarcate,v.,划分边界
demise,n.,"死亡, 灭亡"
demographic,adj.,与人口统计有关的
demolish,v.,拆毁
demonize ,v.,妖魔化
demonstrable,adj.,可证明的
demonstrative,adj.,显露情感的
demoralize,v.,使...泄气
demur,v.,反对
denigrate,v.,"攻击, 贬损"
denizen,n.,居民
denounce,v.,批评
dense,adj.,浓密的
depict,v.,描述
deplete,v.,耗尽
deprecate,v.,贬损，诋毁
deprive,v.,"使丧失, 剥夺"
derelict,adj. ,被遗弃的
derivative,adj.,非原创的
derogate,v.,贬低
descendant,adj.,下降的
designate,adj.,"指定的, 选定的"
despot,n.,独裁者
despotic,adj. ,"独裁的, 专制的"
desultory,adj.,漫无目的的
detached,adj.,"不受感情影响的, 公正的"
deter,v.,阻止
deteriorate,v.,恶化
detestation,n.,"厌恶, 反感"
detract,v.,贬低
detriment,n.,"损坏, 破坏"
detritus,n.,"碎石, 残余物"
devastate,v.,严重破坏
deviate,v.,"脱离, 偏离"
devious,adj.,欺骗的
devoid,adj.,缺乏的
devolve,v.,衰落
dewy-eyed,adj.,"天真的, 朴素的"
dexterity,n.,灵巧，敏婕
diatribe,n.,谩骂
dichotomy,n.,矛盾的事物
dictate,v.,"掌控, 支配"
dictator,n.,独裁者
didactic,adj.,(过分的道德层面的)说教
diehard,adj.,顽固的
diffident ,adj.,"缺乏自信的, 胆怯的"
diffuse,v.,扩散
digest,n.,文摘
digress,v.,"偏题, 跑题"
dilapidate,v. ,使...破败
dilatory,adj.,拖延的
dilettante,n.,"半吊子, 业余的人, 一知半解的人"
diligent,adj.,"努力的, 刻苦的"
dilute,v.,"削弱, 减轻"
diminutive,adj.,极小的
List12,,
dire,adj.,"可怕的, 严重的"
disapprobation,n.,不赞成；非难
disarray,n.,"杂乱, 混乱"
disavow,v.,否认
discern,v.,"识别, 察觉"
discerning,adj.,有洞察力的
discharge,v.,解雇
disclose,v.,"揭发, 揭露"
disconcerting,adj.,令人不安的
discontinue,v.,终止
discordant,adj.,不一致的
discount,v.,"低估, 轻视"
discredit,v.,拒绝承认
discrepancy,n.,差异
discrete,adj.,"分开的, 分离的"
discretion,n.,自由决定
discriminating,adj.,"有洞察力的, 有鉴别能力的"
discriminatory,adj.,"不公平的, 歧视的"
discursive,adj.,杂乱无章的
disdain,v.,"蔑视, 鄙视"
disengage,v.,使解脱
disgorge,v.,吐
disgruntle,v.,使...不高兴
disguise,v.,"隐藏, 伪装"
dishearten,v.,使...士气低落
disinformation,n.,"假情报, 假消息"
disintegrate,v.,瓦解
disinterested,adj.,客观公正的
disjunction,n.,"分离, 分裂"
dismantle,v.,拆开
dismissal,n.,免职，开除
dismissive,adj.,"轻视的, 无视的"
disorganize,v.,"打乱, 破坏"
disown,v.,否认
disparage,v.,鄙视
disparate,adj.,不同的
dispassionate,adj.,客观的
dispatch,n.,迅速
dispense,v.,"分配, 分发"
disperse,v.,使...分散
displace,v.,驱逐
disproportionate ,adj.,不成比例的
disprove,v.,驳斥
disputant,n.,争论者
dispute,v.,"争辩, 反对"
disquiet,v.,使...不安
disquisition,n.,"演讲, 报告"
disregard,v.,"无视, 忽视"
disreputable,"adj, ",声明狼藉的
dissemble,v.,隐藏伪装（感情、意见）
disseminate,v.,"传播, 散布"
dissent,v.,持不同意见
dissipate,v.,使...消散
distance,v.,"超出,把…..甩在后面"
distend,v.,膨胀
distill,v.,蒸馏
distinctive,adj.,独特的，显著区别的
distort,v.,曲解
distress,v. ,"使......紧张, 忧虑, 不适"
divergent,adj.,不同的
List13,,
diverse,adj.,"多样的, 不同的"
divert,v.,"分散, 转移（注意力, 精神）"
divest,v.,剥夺
divination,n.,"预言, 占卜"
divisive,adj.,"引起争议的, 引起分裂的"
divulge,v.,泄露
doctrinaire,adj.,空谈理论的，教条的
document,v.,详细记录
dogmatic,adj.,教条的
dolorous,adj.,悲伤的
domesticate,v.,驯服
don,v.,穿上
doom,v.,注定（失败）
dour,adj.,"严肃的, 阴郁的"
douse,v.,熄灭
dovish,adj.,爱好和平的
downcast,adj.,"不开心的, 沮丧的"
downplay,v.,轻描淡写
downright,adv.,完全地
downsize,v.,缩小
draconian,adj.,极其严苛的
dreary,adj.,令人悲伤的
droll,adj.,"古怪的, 搞笑的"
drudgery,n.,苦工
dualism,n.,二元论
dubious,adj.,"可疑的, 不确定的"
ductile,adj. ,易被影响的
duel,v.,反对
dull,adj.,无聊的
duplicate,v.,复制
duplicitous,adj.,欺骗的
durable,adj.,"持久的, 耐用的"
dwarf,v.,使...变得矮小或不重要
dwell,v.,居住
dwindle,v.,"减少, 下降"
earnest,adj.,"严肃的, 真诚的"
ebb,v.,衰落
ebullient,adj.,热情洋溢的
eccentric,adj.,古怪的
eclectic,adj.,多元的
eclipse,v.,使...不重要
economy,n.,节省
ecstatic,adj.,特别高兴的
ecumenical,adj.,"多元的, 普遍的"
edify,v.,启迪
effect,v.,引起
efficacious,adj.,有效果的
effortless,adj.,不费力的
effusive,adj.,表达过多感情的
egalitarian,adj.,平等的
egalitarianism,n.,平等主义
egotism,n.,自大
egregious,adj.,极坏的
eject,v.,"驱逐, 逐出"
elaborate,adj.,"精心的, 精细的"
elate,v. ,"使兴奋, 使高兴"
electorate,n.,选举人
elicit,v.,引起
eligible,adj.,合格的
List14,,
eliminate,v.,"移除, 去掉"
eloquent,adj.,"能说会道的, 能言善辩的"
elucidate,v.,"阐释, 阐明"
elude,v.,"逃跑, 逃避"
elusive,adj.,难懂的
embargo,n.,贸易禁令
embattle,v. ,备战
embed,v.,嵌入
embellish,v.,装饰
emblematic,adj.,"象征的, 代表的"
embody,v.,体现
embolden,v.,"鼓舞, 鼓励"
embrace,v.,接受
emendation,n.,校订
emergent ,adj.,新兴的
eminent,adj.,杰出的
emotive,adj.,引起情绪的
emphatic,adj.,着重强调的
empirical,adj.,根据观察或经验的
employ,v.,使用
empower,v.,授权
emulate,v.,模仿，通过模仿而超越
enamor,v.,使...喜爱
encapsulate,v.,简要概括
enchanting,adj.,迷人的
encomium,n.,赞美
encounter,v.,"遭遇, 遇到"
encroach,v.,侵占
encumber,v.,阻碍
encyclopedic,adj.,（如大百科全书般）全面的
endanger,v.,危害 
endemic,adj.,"地方性的, 流行的"
endorse,v.,公开支持
endow,v.,赋予
enduring,adj.,长期的
enervate,v.,使...衰弱
enforce,v.,"实施, 强制"
engaging,adj.,吸引人的
engender,v.,产生
enigmatic,adj.,难懂的
enjoin,v.,禁止
enlighten,v.,"启迪, 开导"
enliven,v.,使活跃
enmity,n.,"恶意, 憎恶"
ennoble,v.,使…崇高
ennui,n.,"无趣, 无聊"
enormous,adj.,大量的
ensue,v. ,紧随其后
entail,v.,"包括, 包含, 使...必然, 牵涉"
entangle,v.,纠缠
enterprise,n.,活动
enthrall,v. ,吸引
entice,v.,诱惑
entrance,v.,使...着迷
entreaty,n.,恳求
entrench,v.,牢固地确立
entrust,v.,"委托, 托付"
envision,v.,想象
envy,v.,嫉妒
ephemeral,adj.,短暂的
List15,,
episodic,adj.,暂时的
epitome,n.,典型
equable,adj.,平静的
equanimity,n.,"平静, 镇定"
equilibrium,n.,平衡
equitable,adj.,"平等的, 公平的"
equivocal,adj.,"模棱两可的, 有歧义的"
eradicate,v.,根除
erect,adj.,笔直的
erode,v.,腐蚀
errant,adj.,随意的
erratic,adj.,"飘忽不定的, 没规律的"
erroneous,adj.,错误的
erstwhile,adv.,过去地
erudite,adj.,博学的
escalate,v.,"加剧, 恶化"
eschew,v.,避免
esoteric,adj.,难懂的
espouse,v.,支持
essential,adj.,"重要的, 必要的"
esteem,n.,尊敬
estrange,v.,使疏远
etch,v.,铭记
ethereal,adj.,虚无的
ethical,adj.,道德的
ethos,n.,"（团体的）气质, 氛围, 信仰等"
euphemism,n.,委婉语
euphoria,n.,特别高兴
evanescent,adj.,短暂的
evangelist,n.,狂热支持者
evasive,adj.,"回避的, 闪烁其词的"
evenhanded,adj.,公平的
evince,v.,显示
eviscerate,v.,使...失去力量
evocative,adj.,唤起的
exacerbate,v.,使...恶化
exacting,adj.,要求高的
exactitude,n.,准确
exaggerate,v.,夸大
exalt,v.,赞美
exasperate,v.,使...生气
excavate,v.,"开凿, 挖出"
exceptional,adj.,不寻常的
exclusive,adj.,"独有的, 排外的"
excoriate,v.,强烈斥责
exculpate,v.,开脱罪责
execrate,v.,痛斥
exegesis,n.,解释，注释
exemplar,n.,典型
exempt,adj.,被免除的
exert,v.,使用
exhale,v.,呼出
exhaustive,adj.,全面的
exhilarate,v.,使...喜悦或兴奋
exigent,adj.,紧急的
exiguous,adj.,极其缺乏的
exile,n.,"流放, 放逐"
exonerate,v.,"免罪, 免责"
exorbitant,adj.,"过度的, 超出合理范围的"
exotic,adj.,外来的
List16,,
expansionist,n.,扩张主义者
expatriate,v.,驱逐
expedite,v.,"加速, 加快"
expel,v.,驱逐
expendable,adj.,多余的
experimental,adj.,"新颖的, 创新的"
expiation,n.,赎罪
explicable,adj.,可以解释的
explicit,adj.,"明白的, 清楚的"
exploit,v.,充分利用
exposé,n.,揭露黑暗的报道
exposition,n.,"阐释, 解释"
expository,adj.,"解释的, 阐释的"
expostulate,v.,"争论, 反驳"
expunge,v.,去除
expurgate,v.,删除（令人反感的内容）
extenuate,v.,减轻
exterminate,v.,"使灭绝, 消除"
extinguish,v.,熄灭
extirpate,v.,根除
extol,v.,赞美
extraneous,adj.," 不重要的, 不相关的"
extrapolate,v.,（依据已知信息）推测
extremist,n.,极端主义者
exuberant ,adj.,过量的
exultant,adj.,狂喜的
eyesore,n. ,碍眼的事物
fabricate,v.,"编造, 捏造"
facet,n.,某一方面
facile,adj.,轻率的，肤浅的
facilitate,v.,"辅助, 帮助"
factotum,n.,杂工
faculty,n.,"才能, 本领"
fad,n.,一时流行的事物
fallacy,n.,"错误, 谬论"
fallow,adj.,休耕的
falsehood,n.,"谎言, 谬论"
falsify,v.,"篡改, 伪造"
far-fetched,adj.,不切实际的
far-reaching,adj.,影响广泛的
fastidious,adj.,"小心谨慎的, 挑剔的"
fatal,adj.,致命的
fathom,v.,理解
fatigue,n.,疲劳
fealty,n.,忠诚
feasible,adj.,可行的
feat,n.,（彰显技艺等的）成就
feckless,adj.,"虚弱的, 无能的"
fecund,adj.,多产的
feeble,adj.,"衰弱的, 虚弱的"
feign,v.,假装
felicitous,adj.,合适的
fell,v.,砍树
feminism,n.,女权主义
ferocious,adj.,"凶猛的, 残忍的"
fertile,adj.,"多产的（即可指农作物, 也可以指思想、想法）"
fervent,adj.,"情感强烈的, 热烈的"
fester,v.,恶化
fetch,v.,卖得(某个价格）
fetishize,v.,把…当成神物而崇拜
List17,,
fickle,adj.,多变的
fiddle,v.,伪造，篡改
figment,n. ,虚构的事物
figurative,adj.,（形象化）比喻的
finale,n.,大结局
finesse,n.,技巧高超
finger,v.,指出
finicky,adj.,挑剔的
fissure,n.,裂缝
fitful,adj.,"不规律的, 一阵阵的"
fixate,v.,"注视, 全神贯注"
flabbergast,v.,使...惊讶
flag,v.,衰弱
flagrant,adj.,臭名昭著的
flair,n.,"天资, 天分"
flamboyant,adj.,"引人注意的,酷炫的"
flatter,v.,"谄媚, 拍马屁"
fledgling,n.,无经验的人
flee,v.,"逃脱, 逃跑"
fleeting,adj.,短暂的
flighty,adj.,多变的
flip,v.,翻动
flippant,adj.,"轻率无礼的, 不严肃的"
flit,v.,快速移动
florid,adj.,"过分修饰的, 花哨的"
flourish,v.,繁荣
flout,v.,"蔑视, 鄙视"
fluctuate,v.,"波动, 起伏, 上上下下"
fluid,adj. ,流动的
flummery,n.,假恭维
fluster,v.,使...不安
forage,v.,寻找（食物）
forbear,v.,"克制, 忍耐"
forbidding,adj.,"令人畏惧的, 可怕的"
forebode,v.,担忧
foreboding,n. ,不祥的预感
foreground,v.,强调
forerunner,n.,先驱
foresight,n.,远见
forestall,v.,阻止
foretell,v.,"预言, 预测"
forge,v.,"伪造, 造假"
forgo,v.,放弃(优势)
formidable,adj.,可怕的
formulaic,adj.,"刻板的, 俗套的"
forsake,v.,放弃
forswear,v.,放弃
forthcoming,adj.,直白的
forthwith,adj.,"马上, 立刻"
fortuitous,adj.,偶然的
founder,v.,彻底失败
fractious,adj.,愤怒的
frank,adj.,真诚的
fraudulent,adj.,欺诈的
free-for-all,n.,"混战, 多人为所欲为的失控场面"
fringe,adj.,"次要的, 边缘的, 不重要的"
frivolous,adj.,无关紧要的
frown,v.,皱眉
frugal,adj.,节俭的
fuel,v. ,支撑，支持
List18,,
fulminate,v.,"抨击, 辱骂"
function,n.,重大聚会
fungible,adj.,可替代的
furtive,adj.,鬼鬼祟祟的
fury,n.,"狂怒, 暴怒"
fusion,n.,熔合
fusty,adj.,过时的
futile,adj.,无用的
gadfly,n.,讨人厌的人
gaiety,n.,欢快
gainsay,v.,否认
galactic,adj.,星系的
gall,v., 使...生气
galvanize,v.,刺激
gambit,n.,"计谋, 策略"
garner,v.,收集
garrulous,adj.,话多的
gauge,v.,"评估, 判断, 衡量"
gawky,adj.,笨拙的
generic,adj.,一般的，通有的，通用的
genial,adj.,友好的
genteel,adj.,"有教养的, 彬彬有礼的"
germane,adj.,相关的
giddy,adj.,轻浮的，轻狂的
gigantic,adj.,极大的
girth,n.,尺寸
glamorous,adj.,有吸引力的
gleam,n.,微光
glean,v.,慢慢收集
glib,adj.,即兴的
glisten,v.,表面闪烁光芒的
gloat,v.,"洋洋自得, 幸灾乐祸"
gloomy,adj.,悲伤的
glorify,v.,赞美
glum,adj.,悲伤的
glut,n.,过量
goad,v.,刺激
gore,n.,"血, 血块"
gossamer,adj.,"轻而薄的, 虚无缥缈的"
gourmand,n.,吃货
gracious,adj.,有礼貌的
grand,adj.,富丽堂皇的
grandiose,adj.,宏伟壮观的
grandstand,adj.,博眼球的
grant,v.,承认
grapple,v.,抓住
gratify,v.,使...满意
grave,adj.,严肃的
gravitate,v.,"被吸引到..., 倾向"
gregarious,v.,群居的，好交际的
gridlock,n. ,交通堵塞
grip,v.,吸引
grouchy,adj.,"易怒的, 脾气不好的"
groundless,adj.,毫无根据的
grudge,v.,不愿给予或承认
guesswork,n. ,猜测
guild,n.,协会
guile,n.,欺骗
guru,n.,领袖
gut,n.,内心深处
List19,,
guzzle,v.,狂饮
habitable,adj.,宜居的
hackneyed,adj.,陈词滥调的
hagiography,n.,(夸大的）传记
hail,n.,欢呼，赞美
halcyon,adj.,"岁月静好的, 安宁的"
half-formulated,adj.,新出现的
halfhearted,adj.,"不认真的, 不热心的"
hallmark,n.,特征
hallow ,v.,"尊敬, 崇敬"
hallucinogen,n.,迷幻剂
halt,v.,停止
hamper,adj.,阻碍
hamstring,v.,损坏
handicap,n.,障碍
hands-off,adj.,不干涉的，不插手的
hand-wringing,n.,焦虑的、绝望的言谈举止
haphazard,adj.,"无序的, 凌乱的"
harbinger,n.,前兆
hard-boiled,adj.,"强硬的, 不动感情的"
hardliner,n.,强硬分子
hard-nosed,adj.,顽强的
hardy,adj.,吃苦耐劳的
harness,v.,利用
harrow,v.,"折磨, 使...痛苦"
harry,v.,"打扰, 骚扰"
has-been,n.,过时的人
hasty,adj.,"快速的, 仓促的"
haughty,adj.,"高傲的, 傲慢的"
hazardous,adj.,危险的
heartfelt,adj.,真诚的
heartrending,adj.,令人心痛的
hectic,adj.,非常忙碌的
hedge,n.,故意模棱两可不绝对的言论
hedonism,n.,享乐主义
heed,v.,"留心, 注意"
hefty,adj.,又大又重的
helter-skelter,adv.,匆促忙乱地
herald,n.,前兆
hereabouts,adv.,在附近
hereditary,adj.,遗传的
heresy,n. ,与主流观点相悖的观点
heretofore,adv.,迄今为止
hermetic,adj.,密闭的
heterodox,adj.,"异端邪说的, 非主流观点的"
heterogeneous,adj.,"组成多样的, 混合的"
hew,v.,遵守
hiatus,n.,间歇
hidebound,adj.,守旧的
hideous,adj.,丑陋吓人的
hierarchy,n.," 等级制度, 有等级划分的组织"
highlight,v.,使...突出
high-minded,adj.,高尚的
hinder,v.,阻碍
histrionic,adj.,"戏剧性的, 做作的"
hitch,n.,"（隐形的）问题, 难题"
hitherto,adv.,至今
hoard,v.,贮藏
hoary,adj.,老掉牙的
hoax,v.,欺骗
List20,,
hodgepodge,n.,"混杂, 混合物"
holistic,adj.,整体的
homogeneous,adj.,同种的，相似的
hone,v.,磨炼（技能）
honorific,adj.,尊敬的
hoodwink,v.,欺骗
horrific,adj.,可怕的
hortatory,adj.,劝告的，激励的
hostile,adj.,"不友好的, 敌对的"
hubris,n.," 自大, 傲慢"
humanitarian,adj.,"人道的, 博爱的"
humdrum,adj.,"无聊的, 千篇一律的"
humility,n.,谦虚
humor,n.,幽默
hurtle,v.,"猛冲, 猛烈碰撞"
husband,v.,节省
husbandry,n.,"农业, 畜牧业, 饲养业"
hyperbole,n.,夸张
hypercritical,adj.,吹毛求疵的
hypocrisy,n.,"虚伪, 伪善"
hysteria,n.,歇斯底里，情绪失控
iconoclast,n.,提倡打破旧习的人
identical,adj.,完全一样的
ideologue,n.,理论家，提倡者
ideology,n.,"思想体系, 意识形态"
idiosyncrasy,n.,独特的气质
idle,adj. ,空闲的
ignorant,adj.,无知的
ill-advised,adj.,"不明智的, 不合理的"
illuminate,v.,阐述清楚
illusory,adj.,虚假的
illustrious,adj.,杰出的
imbibe,v.,喝
imitate,v.,模仿
immediate,adj. ,紧靠的，最接近的
immense,adj.,巨大的
immerse,v.,"浸润, 浸泡"
immolate,v.,用火摧毁
immortal,adj.,"不朽的, 永存的"
immure,v.,囚禁
immutable,adj.,不变的
impair,v.,损害
impartial,adj.,"公正的, 不偏不倚的"
impasse,n.,僵局
impassioned,adj.,充满激情的
impeccable,adj.,完美无瑕的
impecunious,adj.,贫穷的
impede,v.,阻碍
impenetrable,adj.,难懂的
imperative,adj.,重要的
imperial,adj.,帝国的
imperil,v.,使处于危险
impersonal,adj. ,没有人情味的
impertinent,adj.,粗鲁的
imperturbable,adj.,"镇定的, 冷静的"
impervious,adj. ,不能渗透的
impetuous,adj.,"鲁莽的, 仓促的"
impinge,v.,猛烈撞击
implacable,adj.,"不能安抚的, 毫不妥协的"
implicate,v.,牵涉
List21,,
implore,v.,"恳求, 哀求"
impolitic,adj.,不明智的
impose,v.,把…强加于
imposter,n.,冒名顶替的人
impotent,adj.,"无力的, 无效的"
impoverished,adj.,"贫瘠的, 贫穷的"
impregnable,adj.,坚固的
impressionable,adj.,易受影响的
improvise,v.,即兴表演
impudent,adj.,无礼的
impugn,v.,（因人不诚实而）批评抨击
impulsive,adj.,"冲动的, 不加思索的"
impunity,v.,"免于处罚, 免罪"
impute,v.,"归罪于, 归咎于"
inadvertent,adj.,"粗心的, 不留意的"
inappropriate,adj. ,不适当的，不合适的
inattention,n.,"不留心, 不注意"
incendiary,adj.,纵火的
incense,v.,激怒
incentive,n.,激励
inching,n.,缓慢移动
inchoate,adj.,早期的
incipient,adj.,开始的
incisive,adj.,"一针见血的, 深刻尖锐的"
incivility,n.,不礼貌
inclusive,adj.,包罗万象的，全面的
incomparable,adj.,无与伦比的
incompatible,adj.,"无法共存的, 不可兼容的"
inconclusive,adj.,"无结果的, 不确定的"
incontrovertible,adj.,不容质疑的
increment,n.,"增长, 递增"
incumbent,n.,在职官员
incursion,n.,"侵入, 侵犯"
indebted,adj.,感激的
indefatigable,adj.,不知疲倦的
indemnify,v. ,赔偿
indeterminate,adj.,不确定的
indict,v.,指控
indifferent,adj.,冷漠的
indigenous,adj.,当地的
indignant,adj.,非常愤怒的
indiscernible,adj. ,不明显的
indiscriminate,adj.,"不加区分的, 不加选择的"
indispensable,adj.,不可缺少的
indisputable,adj.,不容置疑的
individualism,n.,个人主义
indolent,adj.,懒惰的
induce,v.,诱导
indulgent,adj.,纵容的
industry,n.,努力
ineffable,adj. ,难以言表的
inept,adj.,无能的
inertia,n.,"不动, 不活跃"
inestimable,adj.,无法估量的
inevitable,adj.,"不可避免的, 必然的"
inexorable,adj.,"无动于衷的,无情的"
inexpressible,adj.,无以言表的
inextricable,adj.,"纠缠不清的, 无法解脱的"
infectious,adj.,传染的
infinite,adj.,无限的
List22,,
inflammatory,adj.,煽动性的
inform,v.,通知
infuriate,v.,使...愤怒
ingenious,adj.,"天才的, 聪明的"
ingenuous,adj.,"纯朴的, 真诚的"
ingratiate,v.,讨好
inhale,v.,吸入
inhibit,v.,"抑制, 限制"
inhospitable,adj.,不友好的
inimical,adj.,"有害的, 不友好的"
initiate,v.,"开始, 启动"
innate,adj.,天生的
innocuous,adj.,无害的
inoculate,v.,"（给某人）灌输, 注入（想法）"
inquisitive,adj. ,好奇的
insatiable,adj.,无法满足的
inscrutable,adj.,难以理解的
insensitive,adj.,"漠视的, 不在乎的"
insidious,adj.,"阴险的, 暗中为害的"
insightful,adj.,有洞察力的
insinuate,v.,暗示(表不满)
insipid,adj.,无聊的
insolent,adj.,无礼的
insouciance,n.,"无忧无虑, 不操心"
instantiate,v.,"举例, 例证"
instigate,v.,"激起, 挑起"
instinct,n.,本能
instrumental,adj.,重要的
insufferable,adj.,无法忍受的
insular,adj.,孤立的
insulate,v.,"绝缘, 绝热, 隔音"
insult,v.,"侮辱, 辱骂"
insurrection,n.,造反
intact,adj.,完整的
integrity,n.,正直
intelligible,adj.,可以理解的
interchangeable,adj.,"可交换的, 相似的"
interdisciplinary ,adj.,交叉学科的
interjection,n.,插话
interlocutor,n.,对话者
interlope,v.,"入侵, 干涉"
intermediary,adj.,（作为）中间人(的)
interminable,adj.,"持续的, 没完没了的"
intermittent,adj. ,间歇的，断断续续的
interweave,v.,混合
intimate,adj.,亲密无间的
intimidate,v. ,恐吓
intoxicate,v.,"使...陶醉, 沉醉"
intransigent,adj.,"不妥协的, 固执的"
intrigue,n.,"密谋, 诡计"
intriguing,adj.,非常有趣的
intrinsic,adj.,"核心的, 内在的"
introspect,v. ,自省
intrude,v.,闯入
intuition,n.,直觉
inure,v.,习惯于（不好的事物）
invalidate,v.,"削弱, 使...无效"
invaluable,adj.,极具价值的
invective,n.,"辱骂, 侮辱"
inveigle,v.,诱骗
List23,,
inverse,adj.,相反的
invert,v. ,颠倒，倒置
invertebrate,adj.,软弱无力的
inveterate,adj.,根深蒂固的
invidious,adj.,令人反感的
invigorate,v.,使...有活力
inviting,adj.,吸引人的
invoke,v.,引述
involuntary ,adj.,无意识的
involved,adj.,复杂的
irascible,adj.,"易怒的, 坏脾气的"
irenic,adj.,和平的
iridescent,adj.,色彩斑斓的；辉煌灿烂的
irk,v.,使…厌烦
irreversible,adj.,不可逆的
irritate,v.,使...不高兴
iterate,v.,"重说一遍, 重做一遍"
itinerant,adj.,巡游的
jade,v.,使…厌烦
jaded,adj.,厌倦的，无聊的
jar,v.,使...不安
jaundice,n. ,嫉妒
jealous,adj.,"死守严防的, 精心守护的"
jejune,adj.,无聊的
jeopardize,v.,使...危险
jettison,v.,"拒绝, 放弃"
jockey,v.,不择手段的谋取有利地位
jovial,adj.,高兴
jubilant,adj.,喜悦的
jubilation,n.,"高兴, 喜悦"
judicious,adj.,有正确判断力的
justification,n.,理由
juvenile,adj.,"幼稚, 不成熟的"
juxtapose,v.,并排放置
keen,adj.,对...感兴趣的
kindle,v.,点燃
kindred,adj.,"相关的, 相似的"
kinfolk,n.,亲戚
knotty,adj.,复杂的
laborious,adj.,费力的
labyrinthine ,adj.,复杂的
lachrymose,adj.,"催泪的, 悲伤的"
laconic,adj.,"简洁的, 用词少的"
laggard,adj.,缓慢的；落后的
lambaste,v.,严厉批评
lament,v.,"哀叹, 哀悼"
languish,v.,"衰落, 不活跃"
lapse,v.,停止
lassitude,n.,无精打采
latent,adj.,"潜藏的, 潜在的"
latitude,n.,自由
laudatory,adj.,赞美的
laurel,n.,荣誉
lavish,adj.,奢华的
layperson,n.,外行
leach,v.,"被冲走, 滤去"
leading,adj.,最重要的
leak,v.,泄漏信息
leap,v.,（话题、言论）跳跃
leaven,v.,"使...生动, 使...更有趣"
List24,,
mar,v.,"损毁, 损伤"
legible,adj.,清楚的，易读的
legitimate,adj.,合法的
lengthy,adj.,冗长的
lenient,adj.,宽容的
lest,conj.,唯恐
lethargic,adj.,无精打采的
level-headed,adj.,头脑清晰冷静的
leveling,n.,使平等，使一致
levity,n.,"不严肃, 轻浮"
liberal,adj.,慷慨的
license,n.,自由
like-minded,adj.,"思维相似的, 想法一致的"
liken,v.,比较
limpid,adj.,清澈透明的
linkage,n.,"连接, 联结"
lionize,v.,"重视, 尊敬"
list,n.,倾斜
listless,adj.,没精打采的
loath,adj.,不情愿的
locale,n.,地点
lockstep,n., 因循守旧；步调一致
long,v.,渴望
long-winded,adj.,冗长无聊的
loose,adj.,松弛的
lopsided,adj.,不均衡的
loquacious,adj.,话多的
lucid,adj.,清晰的
lucrative,adj.,"盈利的, 赚钱的"
ludicrous,adj.,滑稽可笑的
lugubrious,adj.,悲伤的
lull,v.,使平静
luminary,n.,杰出人物
lure,v.,诱惑
lurid,adj.,"令人震惊的, 耸人听闻的"
lurk,v.,潜藏
lush,adj.,"茂盛的, 郁郁葱葱的"
luxuriant,adj.,繁茂的
machination,n.,诡计
madcap,adj.,鲁莽的，行为冲动的
maelstrom,n.,混乱，动乱
magisterial,adj.,权威的
magnanimous,adj.,"大度的, 慷慨的"
magnify,v.,放大
majestic,adj.,庄严威武的
makeshift,n.,权宜之计
malady,n.,疾病
malfeasance,n.,违法行为
malice,n.,恶意，怨恨
malign,adj.,"邪恶的, 恶毒的"
malignant,adj.,有害的
malinger,v.,装病以逃避工作
malleable,adj.,易适应的，能适应的
malodor,n.,恶臭
malodorous ,adj.,"难闻的, 恶臭的"
manacle,v.,限制
mandate,v.,命令
manifest,adj.,"显然的, 明显的"
manipulate,v.,操控
marginal,adj.,"边缘的, 不重要的"
List25,,
martinet,n.,要求严格纪律的人
marvel,v.,"震惊, 惊讶"
mastermind,n.,策划者
materialize,v.,实现
maverick,n.,标新立异之人
mawkish,adj.,恶心做作的
maze,n.,迷宫
meager,adj.,"不足的, 少的"
meander,v.,漫无目的地走动
measured,adj.,仔细的，有分寸的
meddle,v.,干涉
mediate,v.,调解
mediocre,adj.,"平庸的, 平凡的"
melancholy,n.,忧伤
meld,v.,混合
menace ,v.,威胁
mendacious,adj.,"欺骗的, 不诚实的"
mercenary,adj.,唯利是图的
mercurial,adj.,性格多变的
meretricious,adj.,俗里俗气的
metaphor,n.,比喻
mete,v.,分配
methodical,adj.,有条理的
methodology,n.,方法论
meticulous,adj.,谨慎的
midst ,n.,当中
might,n.,"力量, 权力"
mighty,adj.,强大的
milieu,n.,环境
millstone,n.,重担
mimic,v.,模仿
mince,v.,装腔作势
ministration,n.,帮助
minuscule,adj.,微小的
minutia,n.,"细节, 小事"
mirror,v.,与...相似
mirth,n.,欢乐
misanthrope,n.,厌恶人类的人，愤世嫉俗的人
misconception,n.,"误解, 错觉"
miserly,adj.,吝啬的
misfeasance,n.,"过失, 不法行为"
misgiving,n.,不安
mishandle,v.,虐待
mishap,n.,不幸
misnomer,n.,误称
misuse,v.,不公平地对待
mitigate,v.,减缓
mockery,n.,嘲笑
mock-up,n.,伪装工事；实物模型
moderate,v.,使缓和
modicum,n.,少量
modish,adj.,时髦的
mogul,n.,有权势的人
molder,v.,"腐烂, 退化"
mollify,v.,安抚
momentary,adj.,短暂的
momentous,adj.,重要的
monarchy,n.,君主政体
monger,n.,"商人, 贩子"
monochromatic,adj.,单调的
List26,,
monogamy,n.,一夫一妻制
monolithic,adj.,庞大而僵硬的
monotonous,adj.,单调的
moody,adj.,喜怒无常的
moonshine,n.,"空话, 假话"
morale,n.,士气
moralistic,adj.,说教的
morbid,adj.,不健康的
mordant,adj.,尖酸刻薄的
moribund,adj.,濒临死亡的
morph,v.,变形
mortify,v.,使...尴尬
motivate,v.,激励
mount,v.,上升
muckrake,v.,揭露丑闻
muddle,v.,使困惑
muddy,v.,使...模糊
multifarious,adj.,各种各样的
multitudinous,adj.,很多的
mundane,adj.,"平凡的, 无聊的"
murky,adj.,昏暗的
musty,adj.,恶臭的
mutual,adj.,"相互的, 共同的"
myopic,adj.,缺乏远见的
myriad,adj.,大量丰富的
narcissism,n.,自恋
nascent,adj.,初始的
natter,v., 唠叨，话多
naysayer,n.,"否定者, 怀疑者"
nebulous,adj.,"模糊的, 不清楚的"
necessitate,v.,使成为必要
needy,adj.,贫穷的
nefarious,adj.,邪恶的
negligent,adj.,疏忽大意的
negligible,adj., 可忽略的，不重要的
neologism,n.,"新词, 新意思"
neophyte,n.,新手
nepotism,n.,任人唯亲
nettle,v.,使... 生气
neutralize,v.,"抵消, 使无效"
nexus,n.,连接
niche,n.,小众市场
nihilism,n.,虚无主义
nimble,adj.,"灵敏的, 轻快的"
noisome,adj.,"有害的, 恶臭的"
nominal,adj.,名义上的
nonchalant,adj.,漠不关心的
nondescript,adj.,平庸的
nonentity,n.,无足轻重的人
no-nonsense,adj.,直接的，不允许的不相干的事（话）的
nonplus,v.,"使困惑, 使不知所措"
nonsensical,adj.,无意义的
nostalgia,n.,思乡
notorious,adj.,臭名昭著的
notwithstanding,prep.,尽管
novel,adj.,新颖的
novice,n.,新手
noxious,adj.,有害的
nuance,n.,小差异
nugatory,adj.,不重要的
List27,,
nullify,v.,使...无效
numinous,adj.,超自然的
obdurate,adj.,固执的
obeisance,n.,"尊敬, 敬意"
obfuscate,v.,使…困惑
object,v.,反对
objectionable,adj.,令人反感的
objective,adj.,客观的
objurgation,n.,"斥责, 非难"
obligatory,adj.,"强制的, 必须的"
oblique,adj.,间接的
obliterate,v.,"抹去, 使...消失"
oblivious,adj.,"无意识的, 遗忘的"
obloquy,n.,诋毁，谩骂
obnoxious,adj.,极其令人反感的
obscure,adj.,不清晰的，不易辨别的
obsequious,adj.,谄媚的 
observant,adj.,"观察仔细的,善于观察的"
obsess,v.,沉迷于…
obsolete,adj.,过时的
obstinate,adj.,固执的
obstreperous,adj.,"不服管的,桀骜不驯的"
obstruct,v.,"阻碍, 妨碍"
obtrude,v.,"强迫, 强加于"
obtrusive,adj.,显著的，突兀的
obtuse,adj.,"愚钝的, 笨的"
obviate,v.,免除
occasion,v.,引起
occlude,v.,阻塞
oddball,n.,古怪的人
offhand,adj., 即时的；未经准备的
officious,adj.,"爱掺和的, 爱管闲事的"
offish,adj.,冷漠的
off-key,adj.,"出格的, 不正常的"
off-putting,adj.,令人反感的
offset,v.,抵消
ominous,adj.,不吉利的
omit,v.,"省略, 忽略"
omnipresent,adj.,处处都有的
omniscient,adj.,无所不知的
omnivorous,adj.,杂食的
one-of-a-kind,n.,独一无二
onerous,adj.,"繁重的, 费力的"
one-stop,adj.,"一站式的, 全方位的"
onetime,adj.,"过去的, 之前的"
onset,n.,开始
ooze,v.,渗出
opaque,adj.,难懂的
open-ended,adj.,开放的
opportunistic,adj.,"机会主义的, 投机的"
oppressive,adj.,压迫的
opprobrium,n.,辱骂
opt,v.,选择
optimism,n.,乐观
opulent,adj.,昂贵的
oracle,n.,预言
orator,n.,演讲者
oratorical,adj.,口才的
ordain,v.,命令
orientation,n.,"取向, 态度"
List28,,
ornamental,adj.,"装饰性的, 美观的"
orthodox,adj.,主流的
oscillate,v.,犹豫不决
ostensible,adj.,"表面的, 虚假的"
ostentatious,adj.,炫耀的
oust,v.,驱逐
outdo,v.,"超过, 胜过"
outlandish,adj.,奇异的
outmoded,adj.,过时的
outnumber,v.,（数量上）超过
outrage,v.,使...生气
outstrip,v.,"胜出, 超出"
overbearing,adj.,专横的，压倒性的
overblow,v.,夸大
overdue,adj.,"延误的, 拖延的"
overextend,v.,"过分扩展, 承担过多义务"
overreach,v.,因野心勃勃而失败
override,v.,"否决, 推翻"
overshadow,v.," 超出, 超过"
overstate,v.,夸大
overt,adj.,明显的
overthrow,v.,推翻
overweening,adj.,傲慢的，自负的
overwrought,adj.,情绪激动或不高兴的
oxymoron,n.,矛盾修饰法
pacific,adj.,爱好和平的
paean,n.,赞美
painstaking,adj.,勤奋努力的
palatable,adj.,美味的
palliate,v.,减缓
palpable,adj.,可感知的
paltry,n.,少量
pan,v.,严厉批评
panacea,n.,万能灵药
panache,n.,炫
panegyric,n.,"赞文, 赞美"
panoply,n.,"大批, 全副（装备）"
panorama,n.,全面展示
paradigm,n.,典范
paradoxical,adj.,不寻常的
paragon,n.,"典范, 模范"
paralyze,v.,使...瘫痪
paraphernalia,n.,"行头, 装饰品"
parity,n.,平等
parley,v., 谈判
parochial,adj.,地方的
parody,n.,拙劣的模仿
parsimony,n.,吝啬
particularize,v.,详细阐述
partisan,n.,"强硬支持者（盲目的, 偏见的, 不理性的支持）"
passage,n.,(事物从一个状态到另一个状态的)转变
pastiche,n.,【贬】模仿作品
pastoral,adj.,乡间生活的
patchwork,n.,混合物
patent,adj.,明显的
pathetic,adj.,可怜的
pathogen,n.,病原体
pathological,adj.,极端的
pathos,n.,"怜悯, 同情"
patrimony,n.,"继承, 世袭"
List29,,
patron,n.,赞助人
patronize,v.,赞助
paucity,n.,少量
peaceable,adj. ,和平的，温顺的
peak,n.,"顶点, 顶峰"
peccadillo,n.,小过失
peculiar,adj.,不寻常的
pecuniary,adj.,金钱的
pedagogical,adj.,教育学的
pedant,n.,卖弄学问的人
pedantic,adj.,卖弄知识的，迂腐的
pedestrian,adj.,"无聊的, 普通的"
pedigree,n.,"血统, 门第"
peerless,adj.,无与伦比的
pejorative,adj.,轻蔑的（话语）
penalty,n.,惩罚
penance,n.,忏悔
penchant,n.,倾向
pendulum,n.,（局势）摇摆不定
penitential,adj.,"后悔的, 忏悔的"
pensive,adj.,（悲伤的）思考的
people,v.,充满
perceptive,adj.,"有洞察力的, 敏锐的"
peregrination,n.,"长途旅行,游历"
peremptory,adj.,"不容反抗的, 断然的"
perennial,adj.,多年生的（植物）
perfidious,adj.,不可信赖的
perforce ,adv.,必然地
perfunctory,adj.,敷衍的，草率的
perilous,adj.,危险的
periodical,adj.,周期的
peripatetic,adj.,巡游的
peripheral,adj. ,不重要的
perishable,adj.,"易消亡的, 短暂的"
permanent,adj.,长期稳定的
pernicious,adj.,"有害的, 致命的"
perpetuate,v.,"持续, 使...继续"
persevere,v.,坚持
personable,adj.,品貌兼优的
perspicacious,adj.,有洞察力的
perspicuous,adj. ,"清晰的, 易懂的"
pertain,v.,与...相关
pertinacious,adj.,坚持的，固执的
pertinent,adj.,相关的
perturb,v.,使...不安
peruse,v. ,仔细读
pervasive,adj.,普遍的
pessimistic,adj.,悲观的
petty,adj.,"不重要的, 次要的"
petulant,adj.,"（说话, 行为）粗鲁无礼的"
phenomenal,adj.,出众的
philistine,n.,庸俗的人
phlegmatic,adj.,性格冷淡的
physical,adj.,实体的
piecemeal,adv.,一次少量地，一件一件地
piety,n.,虔诚
pilfer,v.,盗用
pillage,v.,掠夺
pillory,v.,批评
pine,v.,渴望
List30,,
pinnacle,n.,顶点
pious,adj.,信仰虔诚的
pique,v.,"激怒, 惹怒"
pitfall,n.,陷阱
pithy,adj., 简洁有力的
pivotal,adj.,非常重要的
placate,v.,安抚
placid,adj.,平静的
plagiarize,v.,抄袭
plague,v.,困扰
plaintive,adj.,痛苦的
plangent,adj.,悲哀的
plastic,adj.,能适应的，灵活的
platitude ,n.,陈词滥调
platitudinous,adj.,平凡的，陈腐的
plaudit,n.,鼓掌，喝彩，赞扬
plausible,adj.,看起来合理的
playwright,n.,剧作家
plead,v.,辩护
plebeian,n.,平民，粗俗的人
pledge,v.,"保证, 许诺"
plentiful,adj.,慷慨的
plethora,n. ,大量
pliable,adj.,易受影响的
plod,v.,（勤奋而单调地）工作
ploy ,n.,策略
plunder,v.,掠夺
poise,v.,使平衡
polarize,v.,使...两极化
polemical,adj.,（爱) 争辩的
polyglot,adj.,多语的
polymath,n.,博学的人
pompous,adj.,过于华丽的
ponder,v.,"沉思, 仔细思考"
ponderous,adj.,笨重的
porous,adj. ,可渗透的
portend,v.,"预示, 预兆"
portentous,adj.,不吉利的
posit,v.,"假定, 假设"
postulate,v.,"假设, 假定"
posture,n.,"态度, 立场"
potent,adj.,有权势的，有权力的
pragmatic,adj.,实际的
preachy,adj.,"说教的, 好为人师的"
precarious,adj.,处境危险的
precede,v.,"领先, 在…之前"
precedent,n.,先例
precipitate,v.,加速
preclude,v.,阻止
precocious,adj.,早熟的
precursor,n. ,先驱
predate,v.,先于
predetermine,v.,预先决定
predicament,n.,困境
predicate,v.,"基于, 取决于"
predilection,n.,"倾向, 偏好"
predispose,v.,使....易受感染
predominant,adj.,"最显著的, 主导的"
preeminent,adj.,"杰出的, 独一无二的"
preempt,v.,"阻止, 先发制人"
List31,,
prefigure,v.,预示
premature,adj.,过早的
premeditate,v.,"预谋, 提前谋划"
premise,n.,前提
premonitory,adj.,警告的
preoccupied,adj.,专注的
preponderance ,n.,(数量上的）优势
prepossessing,adj.,有吸引力的
prerogative,n.,特权
presage,v.,"预测, 预言"
prescience,n.,先知
prescribe,v.,规定
preservationist,n.,保护主义者
preside,v.,"主持, 负责"
pressing,adj.,紧急的
prestige,n.,"声望, 声誉"
presuppose,v.,假定
pretentious,adj.,炫耀的
preternatural,adj.,异乎寻常的
pretext,n.,借口
prevail,v.,流行
prevalent,adj.,"流行的, 普遍的"
prevaricate,v.,"搪塞, 闪烁其词"
primacy,n.,"首要, 首位"
prime,v.,使...准备好
primitive,adj.,原始的
prioritize,v.,使…优先
pristine,adj.,原始的
privation,n. ,贫穷，匮乏
probe,v.,仔细调查
proclaim,v.,宣布
proclivity,n.,"倾向, 偏好"
procure,v.,获得
prodigal,adj.,奢侈浪费的
prodigious,adj., 惊人的
prodigy,n.,神童
profess,v.,宣称
proffer,v.,提供
profit-monger,n.,贪婪的人
profligate,adj.,"奢侈的, 花钱大手大脚的"
profound,adj.,深刻的
profusion,n.,大量
progenitor,n.,先驱
progeny,n.,"子孙, 后裔"
prognosis,n. ,诊断
prohibitive,adj.,昂贵的
project,v.,投掷
proliferate,v.,快速增长
prolific,adj.,多产的
prolix,adj.,冗长的
prominent,adj.,著名的
promise,n.,前景光明
prompt,v.,"促进, 激起"
promulgate,v.,宣布，宣传
prone,adj.,有倾向的
pronounced,adj.,"显著的, 明显的"
proofread,v., 校对
propaganda,n.,政治宣传
propagate,v.,"宣扬, 宣传"
prophet,n.,"先知, 预言者"
List32,,
prophetic,adj.,预言的
prophylactic,adj.,预防性的
propitiate,v.,安抚
propitious,adj.,"吉祥的, 吉利的"
proponent,n.,支持者
propound,v.,提出…供考虑
proprietary,adj.,私有的
prosaic,adj.,普通寻常的
proscribe,v.,禁止
prose,adj.,"平凡的, 乏味的(与prosaic相同）"
prosecute,v.,从事
proselytize,v.,"劝诱, 使变节"
prospect,n.,前景
protagonist,n.,重要人物
protean,adj.,多样的
prototype,n.,典型
protract,v.,延长
provenance,n.,"出处, 起源"
proverbial,adj.,家喻户晓的
provident,adj.,节俭的
providential,adj.,"幸运的, 凑巧的"
provincial,adj.,眼光狭隘的
provision,n.,"预备, 预先采取的措施"
provisional,adj.,临时的
provocative,adj.,引起争论的，启发的
provoke,v.,激起
prowess,n.,"（超凡的）技巧, 能力"
proximity,n.,距离近
prudent,adj.,谨慎的
prying,adj.,窥视的
pseudonym,n.,假名
puerile,adj.,"稚嫩的, 幼稚的"
pugnacious,adj.,好争斗的
punctilious,adj.,(对行为)谨慎小心的
puncture,v.,刺穿
purport,n.,中心思想
purposeful,adj.,"有目的的, 故意的"
pursuit,n.,事业
purveyor,n.,供应商
purview,n.,视野
pushover,n.,易被打败的人
putative,adj.,"公认的, 假定的"
quaff,v.,"大口喝, 痛饮"
qualify,v.,限制
qualm,n.,不安
quandary ,n.,困境
quash,v.,"废止, 使无效"
quell,v.," 压制, 镇压"
querulous,adj.,抱怨的
query,v.,怀疑，提出疑问
quibbler,n.,吹毛求疵的人
quiescent,adj.,"静止的, 不活跃的"
quintessential,adj.,"精华的, 典型的"
quip,n.,机智幽默的评论
quirky,adj.,"奇怪的, 古怪的"
quiver,v.,战栗
quixote,n.,爱空想的人
quixotic,adj.,不切实际的
quizzical,adj.,好奇而疑惑的
quotidian,adj.,普通的
List33,,
radical,adj.,极端的，激进的
rail,v.,"抨击, 批评"
raillery,n.,打趣
rambling,adj.,"跑题的, 冗长的"
ramification,n.,"结果, 后果"
ramify,v.,使分叉
rampant,adj.,广泛的
ramshackle,adj.,摇摇欲坠的
rancor,n.,憎恨
rankle,v.,"使...生气, 愤怒"
rant,v.,辱骂
rapacious,adj.,贪婪的
rapprochement, n.,"友好, 和谐"
rationale,n.,理由
rattle,v.,扰乱
realm,n.,领域
rebellious,adj.,"反抗的, 难控制的"
rebound,v.,从挫败中恢复
rebuff,n.,（粗鲁的）回复
rebuke,v.,"指责, 非难"
rebut,v.,驳斥
recalcitrant,adj.,顽固的
recant,v.,（公开正式的）否认
recapitulate,v.,总结
recipe,n.,"秘诀, 方法"
reckless,adj.,"粗心的, 鲁莽的"
recoil,v.,畏缩
recollect,v.,记忆
reconcile,v.,调和
recondite,adj.,难懂的
recrudesce,v.,复发
recrudescent,adj.,复发的
recruit,v.,招募
rectitude,n.,正直
recuse,v.,取消资格
redeem,v.,赎罪
redolent,adj.,芬芳的
redoubtable,adj.,令人肃然起敬的
redundant ,adj.,"重复的, 冗余的, 赘述的"
refine,v.,提纯
reflective,adj.,"反思的, 沉思的"
refractory,adj.,不服管的，难处理的
refuge,n.,避难所
refute,v.,"驳倒, 否认"
regimen,n.,"统治, 政府统治"
regressive,adj.,退化的
rehabilitate,v.,恢复
rehash,v.,（没有实质改变地)重提
rein,n.,（马的）缰绳
reiterate,v.,重复强调
rejuvenate,adj.,使...重新有活力
relegate,v.,降低
reliable,adj.,（结论、模型等）可靠的
relinquish,v.,放弃
relish,v.,喜爱
reluctant,adj.,不情愿的
remedy,v.,"补救, 完善"
reminiscent,adj.,引起回忆的
remiss,adj. ,粗心的，疏忽大意的
remonstrate,v.,"反对, 抗议"
List34,,
remuneration,n.,酬金
renaissance,n.,复苏
render,v.,使...进入某种状态
renegade,n.,叛徒
renounce,v.,"拒绝, 否认"
renowned,adj.,出名的
reparation,n.,修理
repertoire,n. ,全部节目
replenish,v.,"补充, 修复"
replete,adj.,充满的
reprehensible,adj.,应受指责的
reprisal,n.,报复
reproach,v.,"斥责, 批评"
repudiate,v.,"否认, 拒绝"
repugnant,adj.,令人厌恶的
requisite,adj.,必要的
rescind,v.,废除（法律）
resemble,v.,与...相似
resent,v.,"憎恨, 生气"
reserved,adj.,沉默寡言的
residual,adj.,"剩余的, 残留的"
resign,v.,接受
resilient,adj.,能（从困境中）恢复的
resolve,v.,"决定, 决心要做"
resonate,v.,回响
resourceful,adj.,足智多谋的
respite,n.,"暂歇, 休息"
restive,adj.,不服管理的
restless,adj.,不安的
resume,v. ,恢复
resurgence,n.,复苏
retain,v.,保持
retention,n.,保留
reticent,adj.,沉默寡言的
retiring,adj.,"羞涩的, 不善交际的，谦逊的"
retract,v.,收回，否认
retrenchment,n.,削减（尤指经费）
retribution,n.,惩罚
retrofit,v.,翻新
revel,v.,陶醉
revelation,n.,揭露
revere,v.,尊敬
revile,v.,"辱骂, 斥责"
revisionist,n.,修正主义者
revitalize,v.,使...复活
revive,v.,使...复苏
revolt,v.,"反叛, 反抗"
rhapsody,n.,慷慨激昂的说辞
rhetorical,adj.,有说服力的
riddle,n.,"难题, 谜题"
ridicule,v.,"嘲笑, 耻笑"
rife,adj.,非常普遍的
rigid,adj.,僵硬的
rigorous,adj.,严格的
rile,v.,使...生气
riot,n.,暴乱
rivalry ,n.,"竞争, 对抗"
rive,v.,劈开
riveting,adj.,吸引人的
robust,adj.,强壮的
List35,,
roil,v.,使...混乱
romanticize,v.,理想化
roost,v.,栖息
rosy,adj.,乐观的
rote,n.,死记硬背
row,n.,(多人之间的)争吵
rudimentary,adj.,基本的
rue,n.,后悔
ruminate,v.,仔细思考
rummage ,v.,仔细检查
run-of-the-mill,adj.,平凡的
ruthless,adj.,"无情的, 残忍的"
sabotage,v.,故意破坏
sacrosanct,adj.,神圣而不可侵犯的
safeguard,v.,保护
sagacious,adj.,"聪明的, 睿智的"
sage,adj.,智慧的
salient,adj.,"明显的, 显眼的"
salubrious,adj.,有益健康的
salutary,adj.,"有益的, 有益健康的"
sanctimonious,adj.,"假装道德高尚的, 假正经的"
sanction,v.,支持
sanguine,adj.,乐观的
sap,n.,活力
sardonic,adj.,"嘲讽的, 讥笑的"
sartorial,adj.,与衣服相关的
sate,v.,"使…厌倦, 使...腻烦"
satire,n.,"讽刺, 嘲讽"
saturate,v. ,填满
savor,v.,享受
savvy,adj.,有见识的
scandalous,adj.,"令人震惊的, 反感的"
scant,adj.,稀缺的
scarce,adj.,缺乏的
scathing,adj.,尖酸刻薄的
scatter,v.,分散
scenario,n.,情形
schism ,n.,分裂
scintillating,adj.,"生动有趣的,机智幽默的"
score,v.,获得....成就
scorn,v.,"鄙视, 嘲笑"
screed,n.,冗长，单调的说话或者文章
scribble,v.,草率地写画
scrupulous,adj.,小心谨慎的
scrutinize,v.,仔细检查
scuffle,v. ,扭打
seamy,adj.,丑恶的
seclusion,n.,"隔离, 隐居"
second,v.,同意
secretive,adj.,"鬼鬼祟祟的, 秘密的"
sectarian,adj.,狭隘的
secular,adj.,世俗的
seditious,adj.,煽动叛乱的
seemly,adj.,好看的
seethe,v.,"强压怒火, 生闷气"
segregate,v.,"分离, 隔离"
self-defeating,adj.,"违背自己利益的, 弄巧成拙的"
self-regard,n.,自私自利
self-righteous,adj.,自以为是的
self-serving,adj.,自私的
List36,,
self-styled,adj.,自称的
seminal,adj.,非常有影响力的
senescence,n.,衰老
sensational,adj.,极好的
sensuous ,adj.,赏心悦目的
sententious,adj.,简洁的;说教的
sentimental,adj.,感情用事的
sequel,n.,后续，后果
sequential,adj.,有序的
sequester,v.,"分离, 隔离"
serendipitous,adj.,偶然的
setback,n.,挫折
sever,v.,"打碎, 分裂"
severe,adj.,严厉的
shackle,v. ,阻碍
shallow,adj.,肤浅的
sham,adj.,虚假的
shear,v.,剪（动物）毛
shed,v.,去除，除去
sheer,adj.,完全的
shelve,v.,搁置
shoddy,adj.,劣质的
shortcut,n.,捷径
shorthand,n.,速记
shoulder,v.,承担
showcase,v.,展示
shriek,v.,"叫喊, 尖叫"
shrill,v.,尖叫
shrink,v.,缩小
shun,v.,躲避
sideshow,n.,附带事件，小事
sidestep,v.,"回避, 绕过"
sift,v.,"分离, 筛选"
simpleton,n.,呆子，傻子
simplistic,adj.,过于简化的
simultaneous,adj.,同时的
sinister,adj.,邪恶的
siphon,v.,"抽走（资金, 资源）"
sketchy,adj.,粗略的
skew,v.,"歪曲, 曲解"
skim,v.,浏览
skirt,v.,"回避, 避开（话题）"
skittish,adj.,多变的
skullduggery,n.,"欺骗, 作假 "
slapdash,adj.,"草率的, 粗心大意的"
slavish,adj.,缺乏创造力的，盲目模仿的
sleazy,adj.,"低俗的, 龌龊的"
sleek,adj.,光滑的
slender,adj.,"缺少的, 不足的"
slight,v.,轻视
slinky,adj.,鬼鬼祟祟的
slippery,adj.,滑的
slipshod,adj.,粗心大意的
sloth,n.,懒惰
sluggish,adj.,迟钝的
slump,v.,急速下跌
slur,n.,诽谤
smother,v.,使...窒息
snag,n.,"故障, 问题"
snappish,adj.,"厉声说话的, 暴躁的"
List37,,
snapshot,n.,"大致情况, 简介"
snare,n.,陷阱
snob,n.,势利小人
snobbish,adj.,自命不凡的
snub,v.,"怠慢, 不理睬"
sober,adj.,严肃认真的
soft-pedal,v.,"弱化, 减缓...的影响"
solace,v. ,安慰
solicitous,adj.,"关心的, 殷切的"
solidarity,n.,团结
solitary,adj.,单独的
solitude,n.,孤独
somber,adj.,"严肃的, 悲伤的"
somnolent,adj.,"无聊的, 令人昏昏欲睡的"
sonorous,adj.,声音洪亮的
soothsayer,n.,预言家
sophist,n.,哲学家
sophisticated,adj.,"精于世故的, 老练的"
soporific,adj.,令人昏昏欲睡的
sound,adj.,状态良好的
spacious,adj.,宽敞的
sparkling,adj.,闪闪发光的
spartan,adj.,简朴的
spearhead,n.,先锋部队
specific,adj.,独特的
specious,adj.,似是而非的，假的
speculate,v.,"推测, 猜测"
spell,n.,（一段）时间
spendthrift,n.,挥霍的人
spew,v.,"喷出, 涌出"
spike,v.,（短期大幅）上升
spiteful,adj.,恶毒的
splendor,n.,"光辉, 壮丽"
spontaneous,adj.,"自主的, 自发的"
sporadic,adj.,不规律的，偶发的，随机的
spunk,n.,勇气
spur,v.,刺激
spurious,adj. ,假的
spurn,v.,因鄙视而拒绝
squander,v.,浪费，挥霍
square,v.,符合，一致
stagger,v.,使...震惊
stagnate,v.,停滞
staid,adj.,沉着的，严肃的
stale,adj.,不新鲜的
stalemate,n.,僵局
stalwart,adj.,"坚定的, 忠诚的"
stanch,v.,阻止
standstill,n.,"静止, 停滞"
staple,adj.,"（食物, 商品等）必要的"
static,adj.,静态的
staunch,adj.,坚定的，忠诚的
steadfast,adj.,坚定不移的
stem,v.,"阻止, 限制"
sterling,adj.,高质量的
stickler,n.,坚持…的人
stifle,v.,抑制
stigma,n.,污点
still,adj.,静止的
stilted,adj.,"不自然的, 僵硬的"
List38,,
stipulate,v.,规定
stoic,adj.,不以苦乐为意的，淡泊的
stomach,v.,容忍
stonewall,v.,拒绝合作
straddle,v.,横跨
straggle,v.,迷路
stratify,v.,分层级
streamline,v.,简化
strenuous,adj.,费力的
strident,adj.,"尖锐的, 刺耳的"
stringent,adj.,非常严格的
studied,adj.,深思熟虑的
stunning,adj.,令人印象深刻的
stupefaction,n.,非常惊讶或惊慌失措
stymie,v.,阻碍
subdue,v.,"征服, 打败"
subject,v.,屈服
sublime,v.,超群出众
subsequent ,adj.,"后来的, 随后的"
subservient,adj.,"服服帖帖的, 奉承的"
subsidize,v.,"资助, 赞助"
subsist,v.,"维持生存, 生存下去"
substantial,adj.,大量的
substantiate,v.,证明
subsume,v., 归入，包含
subterfuge,n.,诡计
subtext,n.,潜台词
subtle,adj.,难以理解的
succinct,adj.,简洁的
succumb,v.,屈服
suffice ,v.,足够
suffrage,n.,选举权
sullen,adj.,阴郁的，生气的
sumptuous,adj.,"奢侈的, 华丽的"
superficial,adj.,表面的
superfluous,adj. ,多余的
supersede,v.,"淘汰, 取代"
supplant,v.,取代
supple,adj.,灵活的
supplicate,v.,恳求
surfeit,n.,过量
surly,adj.,傲慢的，粗暴的
surmise,v.,猜测
surmount,v.,"克服, 战胜"
surplus,n.,"多余, 过量"
surreptitious,adj.,"秘密的, 鬼鬼祟祟的"
surrogate,v.,代理
susceptible,adj.,易受影响的
sway,v.,"影响, 控制"
sweeping,adj.,广泛的
swift,adj.,快速的
sycophantic,adj.,奉承的
symmetrical,adj.,对称的
synchronous,adj.,同时的
synergy,n.,协同作用
synonymous,adj.,意思相同的
synopsis,n.,概要
synoptic,adj. ,摘要的
tacit,adj.,"不言而喻的, 心照不宣的"
taciturn,adj.,沉默寡言的
List39,,
tack,v.,固定，附加
tackle,v.,着手处理
tactful,adj.,"为他人着想的, 圆滑的"
tailor,v.,修改
taint,v.,"玷污, 破坏"
tangential,adj.,离题的；肤浅的
tangible,adj.,"可感知的, 实实在在的"
tantamount,adj.,（数量，效果）相同的
tarnish,v.,玷污
tautology,n.,赘述
tawdry,adj.,俗气的
taxing,adj.,"繁重的, 劳累的"
tectonic,adj.,建筑的
tedious,adj.,冗长无聊的
teem,v.,充满
teetotalism,n.,禁酒主义
telling,adj.,"有说服力的, 有影响力的"
telltale,adj.,泄露内情的
temerity,v. ,鲁莽
temper,v.,"调和, 使缓和"
temperate,adj.,（气温）温和的
temptation,n.,诱惑
tenacious,adj.,坚定的
tend,v.,"照顾,养育"
tendentious,adj.,"偏袒的, 偏向的"
tender,v.,提供
tentative,adj.,试探性的，临时的
tenuous,adj.,站不住脚的
tepid,adj.,"冷淡的, 不热情的"
terminology,n.,术语
terse,adj.,简洁的
testimony,n.,"证词, 证据"
testing,adj.,费力的
testy,adj.,易怒的
thenceforth,adv.,此后，从那时开始
threshold,n.,"阈值, 临界点"
thrill,v.,使...兴奋
thrive,v.,兴旺发达
thwart,v.,"破坏, 阻止"
tilt,v.,倾斜
timely,adv.,合时宜地
timorous,adj.,胆小的
token,n. ,象征
tonic,adj.,有益健康的
torpor,n.,"麻木, 迟钝, 懒散"
tortuous,adj.,复杂难懂的
totalitarianism,n.,极权主义
totem,n.,"标志, 象征"
touchstone,n.,检验标准
tout,v.,兜售
towering,adj.,高大的
tractable,adj.,"易管理的, 易控制的"
trammel,v.,阻碍，限制自由
tranquil,adj.,安静的
transcend,v., 超越
transgress,v.,"违反, 违背"
transient,adj.,短暂的
transitory,adj.,短暂的
transmogrify,v.,使...变形
transparent,adj.,透明的
List40,,
traumatic,adj.,心灵受创伤的
treacherous,adj.,"不可靠的, 背叛的"
tremendous,adj.,巨大的
trenchant,adj.,尖酸刻薄的
trendy,adj.,时髦的
trepidation,n.,"恐惧, 害怕"
tribulation,n.,痛苦(的经历）
tribute,n.,"赞美, 致敬"
trickster,n.,骗子
trifling,adj., 不重要的
trigger,v.,触发
trio,n.,"三足鼎立, 三个一组"
trite,adj.,陈词滥调的
triumph,n.,"胜利, 成就"
triumvirate,n. ,三足鼎立
trivial,adj.,不重要的
truculent,adj.,好争斗的
truism,n., 真理
trumpet,v.,鼓吹
truncate,v.,缩短
tug,v.,用力拉
tumultuous,adj.,混乱的
turbid,adj.,浑浊的
turbulent,adj.,混乱的
tweak,v.,拧
tycoon,n.,"企业界大亨, 巨头"
tyrant,n.,暴君
tyro,n.,新手
ubiquitous,adj.,"到处存在的, 广泛的"
umbrage,n.,"生气, 不悦"
unalloyed,adj.,纯粹的，完全的
unanimous,adj.,意见一致的
unassuming,adj.,"谦虚的, 低调的"
unbounded,adj.,"不受限制的, 无限的"
uncanny,adj.,奇异的
uncertainty,n. ,不确定，不可靠
uncharacteristic,adj.,"不典型的, 不寻常的"
uncompromising,adj.,"不妥协的, 坚定的"
unconscionable,adj.,"丧心病狂的, 违背良心的"
unctuous,adj.,虚情假意的
undercut,v.,削弱
underlie,v.,"成为...根据, 基础"
undermine,v.,削弱
underpin,v. ,"支持, 支撑"
underplay,v.,"轻描淡写, 低估"
underrate,v.,低估
underscore,v.,强调
understate,v.,"少说, 少报"
undiscriminating,adj.,不加区分的
undo,v.,撤销
undue,adj.,过量的
unearth,v.,揭露
unerring,adj.,一贯准确的
uneventful,adj.,"平凡的, 没有大事发生的"
unexampled,adj.,史无前例的
unexceptional,adj.,普通的
unfaltering,adj.,坚定的
unfeeling,adj.,"冷血的, 没有同情心的"
unfettered,adj.,"不受限制的, 自由的"
unflinching,adj.,"坚定的, 不退缩的"
List41-43自主背诵,,
List41,,
unfounded,adj.,毫无根据的
ungainly,adj.,笨拙的
unidimensional,adj.,肤浅的
unilateral,adj.,单方面的
unimpeachable,adj.,毋庸置疑的
universal,adj.,普世的
univocal,adj.,（意思）唯一的
unkempt,adj.,"不整洁的, 邋遢的"
unmistakable,adj.,"清晰的, 一目了然的"
unnerve,v. ,使...失去勇气
unqualified,adj.,完全的
unrelenting,adj.,不屈的
unremitting,adj.,"坚持不懈的，不间断的
"
unrest,n. ,不安
unrivaled,adj.,无法匹敌的
unruly,adj.,"不服管理的, 难以控制的"
unseemly,adj.,不得体的
unsparing,adj.,"无情的, 苛求的"
untenable,adj.,"（论点）经不起反驳的, 站不住脚的"
untether,v.,"释放, 脱离"
untiring,adj. ,不知疲倦的
untoward,adj.,不利的
untrammeled,adj.,自由的
unwieldy,adj.,体积庞大而笨重的
unwitting,adj.,不知情的
unyielding,adj.,"不妥协的, 固执的"
upbeat,adj.,"积极乐观的, 愉快的"
upheaval,n.,（引起混乱的）巨变
upright,adj.,垂直的
uprising,n.,"起义, 叛乱"
uproot,v.,"连根拔起, 消灭"
upshot,n.,结局
upsurge,n.,增长
uptake,n.,理解
urbane,adj.,礼貌的
usage,n.,对待方式
usher,v.,引领....进入
usurp,v.,篡夺
utilitarian,adj.,??实用的
utilitarianism,n.,功利主义
utter,adj.,完全的
vacant,adj.,空的
vacillate ,v.,犹豫不决
vacuous,adj.,"空的,空洞的"
vagary,n.,反复无常
vainglorious,adj.,"自负的, 自命不凡的"
vainglory,n.,"极度夸耀, 虚荣"
valediction,n.,告别 
valorize,v.,规定价格（引申为赞美）
vanguard,n.,先锋
vanquish,v.,"打败, 战胜"
vapid,adj.,无聊的
varnish,v.,装饰
veer,v.,改变方向
vehement,adj.,情绪激动的
velocity,n.,"速度, 迅速"
venal,adj.,贪污的
veneer,n.,虚饰或虚伪的外表
venerate,v.,尊敬
veracious,adj.,真实的
List42,,
verbose,adj.,冗长的
verge,n.,边缘
verifiable,adj.,可验证的
verisimilitude,n.,逼真
vernacular,adj.,"口头语的, 俗语的"
versatile,adj.,多变的
vertiginous,adj.,令人眩晕的
verve,n.,"热情, 活力"
vestige,n.,"遗迹,遗留"
veto,v.,否决
vexation,n.,烦恼
viable,adj.,可行的
vicarious,adj.,身临其境的
vicinity,n.,周边环境
vicissitude,n.,"变迁, 变化"
vigilant,adj.,警惕的
vilify,v.,"诽谤, 辱骂"
villainous,adj.,"极坏的, 恶劣的"
vindicate,v.,证明...的清白
virtually,adv.,几乎
virtuosity,n.,精湛的技艺
virtuoso,n.,艺术品鉴赏家
virulent,adj.,"有害的, 有毒的"
visionary,adj.,有远见的
vitriolic,adj.,尖酸刻薄的
vituperate,v.,辱骂
vivacious,adj.,活力四射的
vociferous,adj.,吵吵嚷嚷的
volatile,adj.,性格多变的
volition,n.,"自愿选择, 自行决定"
voluble,adj. ,"健谈的, 话多的"
volume,n.,音量
voluminous,adj.,"巨大的, 大量的"
voracious,adj.,贪婪的
voyeur,n. ,好刺探他人隐私者
vulgar,adj.,粗俗的
vulnerable,adj.,易受伤害的
waffle,v.,犹豫不决
waggish,adj.,诙谐的
wallow,v.,沉溺于
wane,v.,减少，衰退
wanting,adj.,有缺陷的
warble,v.,低吟浅唱
warrant,v.,保证
wary,adj.,谨慎小心的
wastrel,n.,浪费的人
waver,v.,摇摆不定
wayward,adj.,任性的
weary,adj. ,令人厌烦的
weather,v., 渡过（危机）
weighty,adj.,重要的
whereabouts,n.,"行踪, 下落"
whet,v.,削尖
whimsy,n.,突发奇想
whisk,v.,迅速送走（人或事物）
whit,n.,少量
wholesale,adj.,大规模的
wholesome,adj.,有益健康的
wide-ranging,adj.,广泛的
widespread,adj.,广泛的
List43,,
wield,v.,使用
willful,adj.,固执任性的
wilt,v. ,萎蔫，衰弱
winnow,v.,筛选
wistful,adj.,"渴望的,思念过去的"
witty,adj.,机智幽默的
wondrous,adj.,奇异的
wont,adj.,有…倾向的
woo,v.,吸引
wooden,adj.,"僵硬的，呆板的
"
wrench,v.,猛扭
xenophobic,adj. ,"排外的, 仇视外国的"
yardstick,n.,"准绳, 标准"
yearn,v.,强烈渴望
yen,n.,（强烈的）渴望
yield,v.,"投降, 屈服"
yore,n.,很久以前
zealot,n.,狂热者
zealous,adj.,对（某人或偶像）狂热的
